ISO3,Country,hdicode,region,hdi_rank_2021,co2_prod_1990,co2_prod_1991,co2_prod_1992,co2_prod_1993,co2_prod_1994,co2_prod_1995,co2_prod_1996,co2_prod_1997,co2_prod_1998,co2_prod_1999,co2_prod_2000,co2_prod_2001,co2_prod_2002,co2_prod_2003,co2_prod_2004,co2_prod_2005,co2_prod_2006,co2_prod_2007,co2_prod_2008,co2_prod_2009,co2_prod_2010,co2_prod_2011,co2_prod_2012,co2_prod_2013,co2_prod_2014,co2_prod_2015,co2_prod_2016,co2_prod_2017,co2_prod_2018,co2_prod_2019,co2_prod_2020,co2_prod_2021
AFG,Afghanistan,Low,SA,180,0.209727313,0.182524769,0.095232862,0.084284849,0.075053905,0.067943421,0.061787143,0.056005215,0.052143695,0.040132679,0.036461584,0.036930645,0.046529388,0.050082617,0.035959937,0.050802445,0.061869518,0.083710521,0.151484676,0.237367297,0.287738705,0.401953514,0.327921976,0.261571351,0.232967187,0.229679525,0.190616791,0.188995444,0.22449203,0.319299157,0.312376488,0.312376488
AGO,Angola,Medium,SSA,148,0.429585937,0.413433009,0.40801538,0.439646536,0.286179828,0.785137201,0.723852747,0.494076954,0.473215418,0.575425435,0.580410214,0.570697567,0.719093563,0.49604119,0.996932266,0.977996771,1.09686395,1.194779541,1.174720223,1.224334013,1.235836444,1.252224289,1.346212079,1.277247837,1.235861225,1.205735928,1.088803397,0.953168429,0.791170676,0.737991588,0.675409733,0.675409733
ALB,Albania,High,ECA,67,1.656901718,1.288960628,0.768726936,0.724712295,0.607846322,0.663842752,0.643237487,0.494104044,0.560680905,0.952766151,0.960136365,1.029074954,1.199000572,1.357238224,1.321688484,1.360271607,1.254806937,1.261998195,1.422796584,1.430821164,1.508841688,1.717787934,1.601834668,1.697126858,1.940610537,1.555329452,1.556278015,1.838241795,1.642152952,1.688177757,1.575753953,1.575753953
AND,Andorra,Very High,,40,7.461153204,7.176510032,6.906330662,6.730576832,6.488823651,6.656538763,7.059353636,7.233820946,7.654578903,7.968929626,8.012693072,7.780549739,7.584405202,7.30972097,7.352578564,7.293925216,6.740582519,6.514077693,6.422575183,6.116524395,6.117538396,5.862657767,5.91201912,5.896947037,5.828083774,5.964928023,6.067376483,6.043168271,6.42339558,6.505535247,6.034944671,6.034944671
ARE,United Arab Emirates,Very High,AS,26,28.2776718,29.25602676,28.13451859,30.17091866,31.64455835,28.98952006,28.66139766,27.36461775,28.67983026,26.14393497,35.66843923,30.45702647,24.05966235,28.45383482,27.47938465,24.95032393,22.96858556,21.60277187,21.71803122,20.90336288,21.12537468,21.57104173,22.0473646,22.3301163,21.91483231,23.38178108,22.93208617,17.79568752,16.01124042,15.78070133,15.19333592,15.19333592
ARG,Argentina,Very High,LAC,47,3.436043385,3.552274857,3.615658722,3.467091997,3.552892636,3.668435637,3.823431596,3.860107244,3.866847603,4.038835647,3.861005191,3.594944496,3.301128618,3.5347476,4.079900089,4.150733716,4.444121715,4.390799937,4.693244738,4.420377371,4.566075714,4.604828112,4.591399834,4.505954707,4.42467432,4.466724129,4.389426792,4.274395193,4.082391913,3.741917524,3.473291552,3.473291552
ARM,Armenia,High,ECA,85,2.533031897,2.079247804,1.702936868,0.765660811,0.826301814,1.067090038,0.819197903,1.043443068,1.092808636,0.987205659,1.137415376,1.15800146,1.014114143,1.145022486,1.230104775,1.467898402,1.487878033,1.739128656,1.917308257,1.510789822,1.478007826,1.727388965,1.993007502,1.910209457,1.924214628,1.869492708,1.772052655,1.880133429,1.973679976,1.869270735,1.987788379,1.987788379
ATG,Antigua and Barbuda,High,LAC,71,3.515864893,3.353638329,3.239440989,3.286559132,3.216772811,3.254696374,3.393897938,3.576927368,3.7028843,3.778155717,3.856030309,3.843703051,4.211763203,4.43556116,4.560844453,4.587614313,4.651770168,4.840168519,4.891272527,5.110783206,5.16131231,4.967227992,5.065867336,5.044582368,4.987575895,5.129854862,5.194071535,5.145138641,5.175207195,5.008031467,4.395122997,4.395122997
AUS,Australia,Very High,,5,16.47140133,16.39813628,16.45381873,16.54952607,16.86006186,17.11895366,17.39113655,17.79005781,18.2222369,18.44770432,18.52517591,18.77889343,18.92201107,19.01905029,19.45538877,19.20860479,19.35539488,19.21585818,19.20343074,18.45083211,18.25949272,17.98490913,17.58062846,16.90699079,16.92009349,16.85069952,17.14339271,16.87035228,16.70811553,16.44699216,15.36837971,15.36837971
AUT,Austria,Very High,,25,8.045120443,8.457574786,7.69212302,7.686282182,7.679979223,8.011292945,8.400654888,8.372107325,8.318192276,8.152897618,8.196373504,8.661506878,8.844277865,9.473079992,9.452335792,9.579761681,9.268958449,8.91259851,8.808010327,8.036965061,8.561324213,8.267426715,7.911256663,7.919250031,7.447394806,7.645373825,7.684141657,7.89112032,7.48650267,7.589237956,6.732425105,6.732425105
AZE,Azerbaijan,High,ECA,91,7.094034996,6.799993694,7.518061608,6.384551649,5.458809731,4.283920723,3.977097475,3.760213019,3.963226096,3.54722536,3.632554577,3.512291489,3.581077873,3.662482256,3.79658007,4.015456857,4.531626696,3.491317241,4.018398361,3.56958931,3.391423445,3.605369399,3.783007573,3.752045183,3.889761238,3.843892777,3.805930192,3.730696412,3.703418561,3.854118915,3.720272365,3.720272365
BDI,Burundi,Low,SSA,187,0.038398906,0.042796616,0.038022606,0.039180394,0.039752723,0.039779237,0.03990356,0.04069662,0.040279283,0.040340673,0.042505954,0.031442584,0.031698451,0.023334261,0.027743763,0.020895164,0.024080394,0.025631457,0.02570113,0.020069857,0.034208577,0.039531586,0.041009138,0.041717805,0.038084987,0.038471343,0.044569053,0.048988554,0.060787227,0.06105764,0.050642582,0.050642582
BEL,Belgium,Very High,,13,12.0229222,12.2893646,12.15555391,12.00145395,12.28916851,12.36382574,12.68382758,12.12696193,12.71907756,12.15980053,12.32443039,12.21680084,12.23983672,12.30923372,12.28810709,11.91259676,11.66573677,11.26232195,11.14981893,9.918268425,10.47138066,9.535781892,9.236138337,9.20319322,8.632537731,8.952519237,8.795878609,8.708432095,8.72893627,8.643986894,7.226205719,7.226205719
BEN,Benin,Low,SSA,166,0.126672794,0.142388609,0.147828042,0.173431927,0.192222211,0.18922852,0.188833458,0.190189217,0.172156782,0.219369523,0.214522358,0.238683585,0.289237291,0.31832757,0.334657892,0.311905515,0.407830353,0.464943376,0.450619248,0.472290431,0.508671405,0.473499632,0.452501524,0.456390471,0.466226571,0.503557505,0.607088094,0.620812267,0.631656265,0.619863266,0.552890326,0.552890326
BFA,Burkina Faso,Low,SSA,184,0.066119368,0.069230297,0.067785559,0.065589278,0.065690849,0.061855059,0.067937658,0.075383858,0.078308106,0.081151667,0.088706508,0.082973986,0.081452197,0.084909694,0.084424556,0.083601986,0.09808972,0.111619257,0.118007655,0.120797052,0.130494821,0.132502893,0.158038743,0.167740647,0.165557548,0.182042319,0.181316919,0.20516605,0.2177408,0.213366436,0.189903275,0.189903275
BGD,Bangladesh,Medium,SA,129,0.136486702,0.139603427,0.142427972,0.145562365,0.155564666,0.182701335,0.182684338,0.192458318,0.189087608,0.200296109,0.207778834,0.23856722,0.241407473,0.248229854,0.26240117,0.270985458,0.295833485,0.298906404,0.313926486,0.336804306,0.36585765,0.378877944,0.401913864,0.404432617,0.426997915,0.468955244,0.48410228,0.506893478,0.511845241,0.577842492,0.563737615,0.563737615
BGR,Bulgaria,High,,68,8.674892761,7.016916507,6.611653689,6.812691362,6.655464077,6.915881359,7.055126828,6.801919771,6.534413413,5.749363022,5.684664221,6.176236835,5.867657975,6.475061479,6.402512088,6.589898584,6.800434857,7.356844799,7.187463409,6.130276351,6.445878577,7.20679257,6.59131173,5.854579533,6.240561573,6.705185645,6.362234204,6.699426282,6.188304852,6.031683176,5.388845994,5.388845994
BHR,Bahrain,Very High,AS,35,25.01517348,23.25918079,20.78740398,27.24417672,26.84671833,26.23129092,26.94127528,29.06034481,29.92732606,28.26008065,28.27834628,20.18192375,21.58482805,21.53502982,21.55043599,22.27271909,20.2637054,25.84285065,26.62857368,23.70995615,23.43165224,22.2724858,20.78466457,23.57326232,23.06577101,23.66882409,22.00377054,21.81361591,20.77771392,20.98445501,20.54572969,20.54572969
BHS,Bahamas,Very High,LAC,55,7.893514634,7.650723349,7.024046251,6.434155141,6.415536205,6.564614682,6.386762355,5.59754731,6.846595113,6.915208357,6.798165415,6.429227607,6.621595268,6.61133271,6.422823885,5.865006049,5.600650086,5.549380685,5.575810126,5.575451082,5.357495027,5.879391954,6.358915684,7.36445615,6.554192422,5.708353153,5.235361046,5.489908449,7.002440119,6.772585126,5.944655227,5.944655227
BIH,Bosnia and Herzegovina,High,ECA,74,4.327217026,3.120234526,3.549799276,3.084283969,0.814170065,0.888471031,1.126201213,2.239197874,2.825294021,2.760438901,3.65277449,3.531555751,3.769923128,3.816438,4.107785093,4.261511139,4.617487964,4.643979222,5.316238492,5.497173668,5.706614434,6.490074908,6.139908992,6.1539443,5.546013116,5.383072823,6.418279013,6.51020058,6.641244914,7.527082702,6.528247977,6.528247977
BLR,Belarus,Very High,ECA,60,10.22127183,9.524882743,8.750825017,7.55343273,6.183547743,5.706512895,5.811593261,5.886430287,5.756918239,5.532031691,5.541758445,5.582322035,5.600639365,5.79642916,6.218454399,6.392599608,6.717966376,6.677158361,6.922702189,6.471283406,6.663585467,6.545598025,6.655399156,6.710591578,6.638099989,6.148416063,6.336402932,6.361294237,6.449198143,6.455760335,6.07931383,6.07931383
BLZ,Belize,Medium,LAC,123,1.660552807,2.127893349,1.828955765,1.909655808,1.853084094,1.82346603,1.440485997,1.752775521,1.607251438,1.456474802,1.600024261,1.75254741,1.64781346,1.604713742,1.417881839,1.484707541,1.521784649,1.592910292,1.421079906,1.641861722,1.670294979,1.675342254,1.333343195,1.271799025,1.327207485,1.776506997,1.690770901,1.638107454,1.578193076,1.686627232,1.465666402,1.465666402
BOL,Bolivia (Plurinational State of),Medium,LAC,118,0.834294511,0.851806323,0.924559973,1.065480627,1.150935884,1.285694757,1.296536036,1.418086244,1.388987522,1.298475754,1.026434904,0.966418752,0.958924667,1.121131646,1.123084816,1.2105318,1.229074171,1.324745599,1.394205023,1.439526075,1.535140751,1.663808532,1.713187037,1.811157009,1.934961669,1.957518724,2.066341945,2.105075068,2.101250914,2.071353502,1.773319863,1.773319863
BRA,Brazil,High,LAC,87,1.467471613,1.512673978,1.514339031,1.557586459,1.593161092,1.658302509,1.757504166,1.835720126,1.86917886,1.899132523,1.946234557,1.953576235,1.937004588,1.895640665,1.964246031,1.957646115,1.960334714,2.054237048,2.148816446,2.010325546,2.249557114,2.342004844,2.500455385,2.648372595,2.751483094,2.58888062,2.390088781,2.40941389,2.309098502,2.301796677,2.198836949,2.198836949
BRB,Barbados,High,LAC,70,4.101005611,4.589450373,3.702897834,4.170551096,2.787918141,3.032994304,3.079996555,3.312017361,4.082261562,4.298375676,4.241386295,4.353027523,4.387309134,4.53943987,4.61160111,4.774123037,4.839320016,4.889845712,5.759325013,5.681527122,5.189078832,5.358903413,5.143090789,5.055294482,4.427966548,4.420939003,4.490615684,4.086894547,4.31026964,4.234125947,3.781470204,3.781470204
BRN,Brunei Darussalam,Very High,EAP,51,23.91958906,19.9297547,19.02282652,17.62525694,16.2025745,16.10560256,15.56453572,15.80885888,16.16480335,11.65874743,13.77995888,12.90900322,12.26678432,12.65295378,13.55774233,13.33693038,12.79522934,22.16206846,23.6979503,20.17603267,20.74072549,24.24432546,23.79388905,18.86252198,21.78178437,16.7611055,17.97070033,22.50319808,22.3618354,22.98279423,23.22054316,23.22054316
BTN,Bhutan,Medium,SA,127,0.241595768,0.328169657,0.382981987,0.323134233,0.378983149,0.441921365,0.523893511,0.68046742,0.652666569,0.643644626,0.647828081,0.611308064,0.650971238,0.574080298,0.455264826,0.583393322,0.569492402,0.56159344,0.597784736,0.544209764,0.677925552,0.962688483,1.101398128,1.200697795,1.319064606,1.325830224,1.569549944,1.661563141,1.903397191,2.525907754,2.495308499,2.495308499
BWA,Botswana,Medium,SSA,117,2.09861077,1.986244668,2.03680969,2.283594571,2.112953512,2.07245704,1.831092621,1.817225766,2.12054138,1.961417507,2.298741461,2.297277447,2.332102576,2.205491473,2.206026869,2.27488747,2.25120213,2.254541422,2.350703864,1.973587892,2.283372041,1.999004666,2.489120181,2.745681555,3.279776388,2.558051149,2.932275026,3.201244399,3.354557183,3.005950869,2.772080776,2.772080776
CAF,Central African Republic,Low,SSA,188,0.065271593,0.066190517,0.065621667,0.064954144,0.066618501,0.064806793,0.064236709,0.06372412,0.063254354,0.06487608,0.06441552,0.065956156,0.063601225,0.057585565,0.055516904,0.05353134,0.055164204,0.054985576,0.038583168,0.037167805,0.038420085,0.042289059,0.042946829,0.026360494,0.027906612,0.039958426,0.043603722,0.047036318,0.047111587,0.044348113,0.038906639,0.038906639
CAN,Canada,Very High,,15,16.62982808,16.12471812,16.42269994,16.25311182,16.57155012,16.83407081,17.21103774,17.52645097,17.61993917,17.94339513,18.52181268,18.10365539,18.1109897,18.49411561,18.25396142,17.90345939,17.56185353,18.05803407,17.37876871,16.1977388,16.36438839,16.49924945,16.30096246,16.25368648,15.99814964,15.90658544,15.37992637,15.50035194,15.62986503,15.56731625,14.19693746,14.19693746
CHE,Switzerland,Very High,,1,6.636656552,6.866108196,6.773065901,6.347552479,6.150655445,6.205785102,6.265770564,6.088583333,6.291052868,6.24676477,6.105691386,6.279612585,6.020115016,6.143326162,6.176682751,6.198638222,6.083903932,5.754040543,5.865807422,5.643644757,5.769147775,5.183437646,5.276540545,5.325730637,4.780793375,4.668199391,4.676955631,4.515537494,4.324335229,4.276607966,3.731913422,3.731913422
CHL,Chile,Very High,LAC,42,2.477757749,2.29339076,2.330810632,2.434812004,2.648298714,2.856031062,3.263857707,3.748977088,3.791428249,4.01576226,3.786609525,3.387336764,3.472932898,3.461539723,3.685682603,3.764910734,3.910195014,4.276005213,4.237138306,3.902627864,4.179390449,4.529785345,4.579425916,4.655884097,4.368150183,4.553558495,4.634613919,4.550297911,4.506838534,4.544593041,4.24621503,4.24621503
CHN,China,High,EAP,79,2.111385224,2.184677788,2.263000045,2.397120214,2.520285785,2.705982217,2.798923313,2.781442466,2.641904111,2.614359207,2.664871691,2.705606422,2.962166684,3.455486758,3.948163661,4.415884884,4.848148444,5.184727852,5.538564727,5.79393916,6.294992606,6.922318956,7.062257329,7.150558948,7.135342533,7.000344465,6.874190136,6.981215392,7.207652756,7.31629792,7.411735759,7.411735759
CIV,CÃ´te d'Ivoire,Medium,SSA,159,0.400968496,0.348548628,0.299982337,0.383750527,0.300900598,0.430676232,0.500186599,0.463476055,0.422350705,0.370464554,0.392794312,0.438947878,0.403788658,0.291659872,0.408185774,0.408428139,0.363179446,0.340958698,0.336205493,0.274902019,0.295325319,0.301607497,0.38702498,0.431302695,0.43001748,0.40495316,0.49524584,0.485336657,0.408943554,0.407508101,0.381780097,0.381780097
CMR,Cameroon,Medium,SSA,151,0.221118891,0.219840117,0.216992697,0.222775183,0.214730817,0.235566384,0.25724344,0.220113021,0.212988958,0.198304831,0.215676928,0.208790181,0.203287744,0.220149379,0.22314318,0.202516042,0.205913473,0.304485538,0.281831098,0.333199949,0.327511974,0.311904668,0.286680197,0.229665828,0.30199474,0.332478223,0.326632953,0.31337935,0.314558852,0.285897796,0.259524431,0.259524431
COD,Congo (Democratic Republic of the),Low,SSA,179,0.122760811,0.08723902,0.075218473,0.068587989,0.042188186,0.050596213,0.054051661,0.042790798,0.036911956,0.028691444,0.018951584,0.015894964,0.01704535,0.020168951,0.021658644,0.026375398,0.027434674,0.029022979,0.029969611,0.02712632,0.030386972,0.036543995,0.03413901,0.049573418,0.062777013,0.036628195,0.025563172,0.030392353,0.033064864,0.030980325,0.027660353,0.027660353
COG,Congo,Medium,SSA,153,0.427667576,0.447012247,0.517760985,0.453303738,0.671872418,0.437999555,0.480793737,0.669868307,0.12041074,0.119383906,0.180663814,0.237972636,0.173771224,0.268864388,0.270328629,0.274952212,0.301056756,0.312477506,0.33154796,0.415907691,0.459036846,0.509642663,0.652853677,0.693957422,0.654911488,0.710776869,0.743305154,0.697595924,0.690742186,0.611708039,0.564833429,0.564833429
COL,Colombia,High,LAC,88,1.718830031,1.678225441,1.786464572,1.804944391,1.867799413,1.613758358,1.612101524,1.709703158,1.698393681,1.404152379,1.419602458,1.389580332,1.356083469,1.376291589,1.296923623,1.408272137,1.43525955,1.375908042,1.506047625,1.621376814,1.686728125,1.666123992,1.730351766,1.880352145,1.888512905,1.935271658,1.935483121,1.76438528,1.709196713,1.796191905,1.751176049,1.751176049
COM,Comoros,Medium,SSA,156,0.160235572,0.155594142,0.159505829,0.163107591,0.158519675,0.161853116,0.164968371,0.167888229,0.177731211,0.180134935,0.189155851,0.191153614,0.186591604,0.232454463,0.245400417,0.23363913,0.263207886,0.165612045,0.167247641,0.201365908,0.233756517,0.202244933,0.212593128,0.247065091,0.212301979,0.230942189,0.271722189,0.328630826,0.352171395,0.359437104,0.29721677,0.29721677
CPV,Cabo Verde,Medium,SSA,128,0.281887853,0.28572914,0.298687025,0.300284385,0.301747842,0.313008046,0.361284646,0.362539857,0.381926432,0.435721557,0.504871692,0.53820325,0.620384648,0.684061965,0.722180734,0.949567201,1.007438668,1.064349766,0.975351571,1.069079522,1.130468848,1.233920743,0.993537661,0.966569483,0.940260983,0.935658027,1.014052633,1.077045868,1.098319685,1.095129424,0.98910586,0.98910586
CRI,Costa Rica,Very High,LAC,58,0.933823551,1.026799726,1.138559936,1.153782969,1.503338986,1.35404145,1.290179778,1.321932621,1.375987247,1.399536216,1.361280566,1.404684198,1.522924706,1.580791599,1.619277873,1.568871045,1.612436289,1.807348997,1.790203053,1.713834461,1.636875958,1.577954737,1.548656143,1.609305737,1.615778968,1.527702028,1.617134535,1.679126715,1.644623869,1.746962543,1.552260862,1.552260862
CUB,Cuba,High,LAC,83,2.797814133,2.545565474,1.918066105,1.837263676,1.972816807,2.097223687,2.132953199,2.257470883,2.200804226,2.207291692,2.316601102,2.258544747,2.278963871,2.310292743,2.24181171,2.170396664,2.192740982,2.15447846,2.501412525,2.529352101,3.046526975,2.619201007,2.642064957,2.483797573,2.426995047,2.588217821,2.485870443,2.223038658,1.994023002,1.987447283,1.779198659,1.779198659
CYP,Cyprus,Very High,,29,6.067843703,6.564988431,6.889613058,7.034293908,7.168233565,6.865111886,7.124154047,7.08064498,7.271140594,7.422849405,7.548367946,7.283635122,7.352983324,7.623270995,7.720346632,7.740871999,7.826442099,7.992381404,8.056950913,7.712167477,7.279806437,6.921916409,6.397714278,5.753733392,6.031233592,6.003867406,6.300702366,6.377248707,6.172131527,6.123855412,5.380504059,5.380504059
CZE,Czechia,Very High,,32,15.87899477,14.39067228,13.9685607,13.38338149,12.77587067,12.70496698,13.03870252,12.64468112,12.1385258,11.3147341,12.35521348,12.36726717,12.08905041,12.44376479,12.51720919,12.25156502,12.28257511,12.38780876,11.7977901,10.98751878,11.16150516,10.89929633,10.51756151,10.06238775,9.828518414,9.891583156,10.04678752,10.11300218,9.950760744,9.431221712,8.215039321,8.215039321
DEU,Germany,Very High,,9,13.31339354,12.75901178,12.07922889,11.887968,11.62662938,11.57239239,11.79424601,11.44143452,11.34307592,11.00718889,11.05457432,11.25358846,11.03783717,11.04158238,10.86500196,10.62093245,10.7806113,10.47794091,10.54609473,9.768789629,10.30533212,10.00816987,10.05259086,10.24281224,9.730928443,9.727783167,9.741451444,9.507597709,9.072082766,8.518354547,7.690141865,7.690141865
DJI,Djibouti,Low,AS,171,0.465448731,0.470944757,0.488493693,0.485775956,0.470976885,0.494044937,0.455399951,0.498983904,0.565379749,0.549619629,0.510602243,0.499853345,0.534686763,0.554683067,0.527084524,0.528602471,0.516472577,0.573169566,0.610393969,0.553258366,0.614878874,0.553677399,0.561328454,0.630243872,0.432082075,0.489216001,0.429991217,0.427264514,0.405381871,0.413328403,0.355728745,0.355728745
DMA,Dominica,High,LAC,102,0.832502592,0.833034928,0.831027444,0.879388968,0.928339175,1.133759037,1.033043871,1.141772546,1.096302629,1.154263621,1.472936109,1.577927391,1.468992082,1.672610556,2.030348669,2.024394736,2.020701943,2.587753372,2.327925791,2.275479527,2.42966788,2.170032151,2.323398859,2.373267996,2.474080326,2.470674178,2.517845373,2.256150466,2.250890052,2.191399287,1.934403912,1.934403912
DNK,Denmark,Very High,,6,10.42057997,12.45195841,11.28842826,11.67956335,12.41309807,11.77253672,14.24429956,12.40143691,11.54994765,11.01803647,10.16471223,10.42899466,10.33686154,11.25425286,10.19406559,9.500061051,10.91581155,9.992100434,9.316537792,8.833256007,8.851823742,7.919644319,7.100497014,7.404190563,6.628195776,6.188361303,6.480325401,6.060962892,6.027753912,5.353077578,4.522442415,4.522442415
DOM,Dominican Republic,High,LAC,80,1.252682066,1.311934446,1.40627957,1.485305103,1.535248546,1.93202747,2.072789042,2.135679216,2.165483017,2.136005695,2.241869952,2.22647847,2.40104986,2.411778019,1.931395416,1.972077957,2.073169647,2.140828523,2.149676335,2.06549475,2.119983856,2.172367434,2.140265812,2.116491737,2.144634287,2.285093487,2.370187909,2.284472787,2.418157433,2.562650864,2.559875589,2.559875589
DZA,Algeria,High,AS,91,2.979074896,2.9850519,2.955540051,2.96517,3.053384492,3.302806527,3.307078543,2.925218083,3.531343977,2.993403151,2.648681707,2.663789095,2.806673805,2.821967423,2.687292364,3.211875912,2.978594395,3.172710183,3.139363411,3.401403882,3.274634073,3.267942657,3.426892784,3.472326643,3.661746681,3.76769044,3.67259156,3.743383327,3.824120009,3.870617401,3.534590875,3.534590875
ECU,Ecuador,High,LAC,95,1.608631235,1.542825359,2.049219452,2.197561895,1.208029871,1.980427411,2.052853354,1.523363019,1.829207959,1.717103563,1.621481,1.776282733,1.883308549,2.000556782,2.11715788,2.167642966,2.055182503,2.35619667,2.034509563,2.199963938,2.319987247,2.453338008,2.401044171,2.505959902,2.708584088,2.514146911,2.395471598,2.339896056,2.219539066,2.115714004,1.753199871,1.753199871
EGY,Egypt,High,AS,97,1.339951964,1.346041046,1.36260851,1.54103183,1.383987025,1.522288771,1.471168294,1.656789014,1.83482336,1.843962234,2.039031194,1.771760304,1.759562486,2.011129335,2.010774325,2.185327073,2.289719172,2.376354952,2.445675408,2.504100645,2.426758131,2.520152432,2.415099317,2.340931267,2.45141104,2.370849864,2.478876185,2.598486803,2.313688024,2.250084031,2.085874268,2.085874268
ERI,Eritrea,Low,SSA,176,,,,,0.335295682,0.373279098,0.409057467,0.368293428,0.265664204,0.275073132,0.263665059,0.263757189,0.242086239,0.273155469,0.28274842,0.272034936,0.188112213,0.188003748,0.133656395,0.159398318,0.156868064,0.172941768,0.186012738,0.189187764,0.190671818,0.189788974,0.191147373,0.206349862,0.233046589,0.238728072,0.203678582,0.203678582
ESP,Spain,Very High,,27,5.897431352,6.130736238,6.339151671,6.101347647,6.396559724,6.722182708,6.386616098,6.679608914,6.867017101,7.404380777,7.627347859,7.58345463,7.954446591,7.927911275,8.188070913,8.398197756,8.06425603,8.112557693,7.310097497,6.383905998,6.04872279,6.047235763,5.927449256,5.385107847,5.452740796,5.821362504,5.591568752,5.887612925,5.776330933,5.38116921,4.468313378,4.468313378
EST,Estonia,Very High,,31,24.05359924,21.8465863,16.01465795,13.03958641,13.75094109,12.70941729,13.49651839,13.22654261,12.02894872,11.33482311,11.06787734,11.40041531,11.1004157,12.5534176,12.73705324,12.65535006,12.22969653,14.89381803,13.33912406,10.84388928,14.25965449,14.37882849,13.48764585,14.96358776,14.34743599,12.05740026,13.34384091,14.24029286,13.56431228,9.339055315,7.879475476,7.879475476
ETH,Ethiopia,Low,SSA,175,0.062364442,0.059635191,0.057108037,0.056169776,0.039818055,0.043927991,0.047452997,0.049099268,0.050352177,0.048090692,0.052290075,0.062568018,0.063181749,0.067481787,0.069485916,0.064916038,0.067757088,0.072384843,0.077398594,0.075713994,0.072306054,0.082122319,0.087447036,0.102541471,0.122499516,0.12588429,0.138483789,0.143213448,0.147853391,0.146066966,0.127560389,0.127560389
FIN,Finland,Very High,,11,11.40229557,11.00398974,10.76019961,11.11012307,12.10708762,11.35767595,12.46968306,12.17435797,11.49628542,11.37804134,10.99435346,12.02507001,12.47942308,13.90023097,13.15499116,10.84770715,12.95863887,12.60262161,11.01929918,10.47056472,11.94670227,10.51320974,9.461029739,9.510621657,8.723881063,8.05059621,8.590699442,8.101813505,8.302103946,7.690672497,7.090703013,7.090703013
FJI,Fiji,High,EAP,99,1.104515265,0.900678677,0.995474627,0.984313139,0.963873204,0.973685398,1.03830257,0.987478808,0.951838202,0.960916678,1.027341351,1.285007832,1.079095304,1.270714982,1.639522657,1.317301279,1.452764323,1.363804877,1.039816126,0.911921578,1.397621357,1.23713155,1.204759389,1.269396771,1.435969406,1.490052692,1.443949386,1.552095312,1.529853998,1.563565716,1.554361952,1.554361952
FRA,France,Very High,,28,6.935243567,7.329248111,7.121596638,6.757258593,6.616511248,6.677556506,6.936538952,6.788746586,7.082060739,7.01045123,6.877919846,6.913183475,6.789080916,6.837099464,6.806631674,6.79837429,6.59678727,6.391347026,6.23688709,5.894053522,5.988844064,5.595103444,5.599557336,5.595823677,5.076611279,5.118603886,5.158359374,5.197140043,4.960291819,4.850791024,4.23807293,4.23807293
FSM,Micronesia (Federated States of),Medium,EAP,134,,,1.011845466,0.987249194,1.002169197,1.056273191,1.048550143,1.114583333,1.117385036,1.155862351,1.194018733,1.333358215,1.266654209,1.37098811,1.34021102,1.139273903,1.147469418,1.262877714,1.061587939,1.423258072,0.9968808,1.133397777,1.192084665,1.279855748,1.261750088,1.312273291,1.29655673,1.282085789,1.268643466,1.294117647,1.282352225,1.282352225
GAB,Gabon,High,SSA,112,4.723282443,4.633919632,4.904251934,4.830847037,4.137979958,4.245372581,4.271691129,4.183510932,4.235847533,3.993488189,3.800677326,3.793234197,3.526932466,3.49573053,3.440624319,3.494231415,2.897244489,2.777176035,2.741317318,2.697893084,2.945066312,2.926568663,2.877037084,2.899776619,2.822221043,2.705466898,2.709882547,2.226922114,2.245532081,2.065609582,1.931138222,1.931138222
GBR,United Kingdom,Very High,,18,10.50757503,10.620043,10.32070846,10.04535341,9.94818551,9.779803386,10.12134914,9.644299678,9.700911848,9.556338906,9.632605664,9.747491589,9.440434624,9.59466354,9.568688114,9.453996399,9.331786355,9.099909296,8.761722586,7.860986465,8.062293539,7.332702726,7.55543189,7.346229345,6.703157681,6.412680895,6.023375325,5.808181432,5.687818316,5.464367838,4.854886819,4.854886819
GEO,Georgia,Very High,ECA,63,2.947157871,2.953570713,2.880298737,1.903586457,1.190435084,0.460245244,0.836415541,0.939844875,1.079512646,0.967319153,1.031684336,0.868586977,0.787118496,0.881165974,1.011757256,1.191781421,1.455156908,1.527622552,1.281497011,1.489406223,1.514479157,1.912390955,2.03040964,1.97823944,2.214054877,2.422106549,2.506867225,2.539341774,2.524293382,2.622195701,2.498792354,2.498792354
GHA,Ghana,Medium,SSA,133,0.25660522,0.276793478,0.233924577,0.267558383,0.307269664,0.302902476,0.313162563,0.346462963,0.340194309,0.338633767,0.31647106,0.34083234,0.357234214,0.358476762,0.33627263,0.311850178,0.409288953,0.418865294,0.378775517,0.310190667,0.391838147,0.442182423,0.550663648,0.532925781,0.541960904,0.578634112,0.580968048,0.471799753,0.560437492,0.556193047,0.514959318,0.514959318
GIN,Guinea,Low,SSA,182,0.158037669,0.156986928,0.157667363,0.157774947,0.158845018,0.160283371,0.165438916,0.16832255,0.17339244,0.17785794,0.180954843,0.185444336,0.189050316,0.194228486,0.197451349,0.20030559,0.203128148,0.206720583,0.205045965,0.211802556,0.243735979,0.248942658,0.227365091,0.193751534,0.194189175,0.214414025,0.233787673,0.268406455,0.296915821,0.291036599,0.258436989,0.258436989
GMB,Gambia,Low,SSA,174,0.207054677,0.199320421,0.192569162,0.196868207,0.190867949,0.191551293,0.188851215,0.186168396,0.195311459,0.215169446,0.208544718,0.220907098,0.213955953,0.207217615,0.215452177,0.211240098,0.221019262,0.21449549,0.216896498,0.21896489,0.241105824,0.241869289,0.23849706,0.22016976,0.253433476,0.251191355,0.247206319,0.241629097,0.237827914,0.232976361,0.206859196,0.206859196
GNB,Guinea-Bissau,Low,SSA,177,0.176578372,0.176306888,0.17595923,0.175575965,0.171801648,0.168250289,0.16492128,0.177941034,0.149180809,0.164968895,0.122001064,0.122418112,0.122674983,0.151320224,0.153423089,0.158008223,0.156927251,0.163530264,0.157000724,0.15802728,0.156416758,0.15471638,0.152955272,0.148939333,0.153707346,0.16029224,0.17061463,0.166348949,0.166163102,0.163494405,0.145716389,0.145716389
GNQ,Equatorial Guinea,Medium,SSA,145,0.14859204,0.152365815,0.147455876,0.150476507,0.160601798,0.169640557,0.248597953,0.566882899,0.472361287,0.699073517,1.01545578,4.69266986,11.82030548,11.59504503,13.89554906,10.72504953,9.060849259,6.795653333,7.108057246,5.998342944,7.21038448,9.590182124,8.897187815,10.75628035,9.960909829,9.271518645,9.371204266,9.734849866,8.565327833,7.573677014,7.316756772,7.316756772
GRC,Greece,Very High,,33,8.158191401,8.085335421,8.155544654,8.00245685,8.120489821,8.094465192,8.228474869,8.602483877,8.991833363,8.882779133,9.294173742,9.46482617,9.391713068,9.723765751,9.750492034,10.14994399,10.05544098,10.3047312,10.06540668,9.522055845,8.942381161,8.731084149,8.480608471,7.610083329,7.3505979,7.032163043,6.723641651,7.08221336,6.824350999,6.276429316,5.01149663,5.01149663
GRD,Grenada,High,LAC,68,1.103071701,1.139539706,1.206710235,1.230886694,1.438320316,1.497886088,1.523648281,1.659397245,1.723860774,1.895794283,1.852809896,1.880793034,1.979852172,2.078553916,1.9663239,2.065525841,2.199784624,2.264093545,2.397397967,2.389851497,2.448768274,2.367317128,2.523500177,2.811407969,2.153312152,2.373561803,2.425789717,2.51149954,2.761498017,2.966616966,2.620175431,2.620175431
GTM,Guatemala,Medium,LAC,135,0.536733632,0.522087845,0.609689774,0.561220732,0.663684908,0.6800795,0.617197446,0.689029407,0.775982326,0.773306667,0.838126804,0.858142251,0.878190964,0.835808039,0.873670823,0.924654407,0.908903554,0.886467892,0.777728626,0.799230917,0.758536137,0.751719151,0.75685766,0.819681381,0.865728549,0.973540632,1.019895223,1.022283811,1.081085531,1.247569032,1.05706389,1.05706389
GUY,Guyana,High,LAC,108,1.518211134,1.486284276,1.390057734,1.384616201,1.921607177,2.059921896,2.172070006,2.383207779,2.425515205,2.443728874,2.340518136,2.340426674,2.302397055,2.492944307,2.584423195,2.170437291,2.022662502,2.385481611,2.286236119,2.55296783,2.517893456,2.606551884,2.594920036,2.50933444,2.583248186,2.610394146,3.040183155,2.992046149,3.184827845,3.176555957,2.813164292,2.813164292
HKG,"Hong Kong, China (SAR)",Very High,,4,4.739524066,4.907399729,5.612969307,5.866369877,5.180214004,5.139042314,4.673527241,4.840854354,6.065926216,6.523452939,6.097609156,5.671866945,5.891737637,6.424442393,6.163391388,6.459874728,6.162056312,6.370219948,6.217880246,6.004555903,5.750932593,6.158445121,6.065421022,6.250287426,6.376160355,5.899265739,5.989983906,5.824175283,5.797553627,5.61977334,4.16685063,4.16685063
HND,Honduras,Medium,LAC,137,0.487699743,0.478289002,0.512081009,0.523412005,0.569782446,0.659763665,0.649706229,0.652496924,0.761574084,0.721149149,0.749759412,0.82973534,0.846843063,0.931129042,0.987813597,0.915794843,1.005527948,1.050865222,1.057216837,0.974030077,0.948653857,1.030071795,1.052427404,1.050187867,1.039462619,1.075616191,1.002395156,0.939356007,1.04823749,1.106994714,0.975263329,0.975263329
HRV,Croatia,Very High,,40,4.810699497,3.568527163,3.459090926,3.578044499,3.446431719,3.642463144,3.791131062,4.09434205,4.232478544,4.493051287,4.439988031,4.714801813,4.979254056,5.289326812,5.221741826,5.332387099,5.389018932,5.700108151,5.421703078,5.023536924,4.856376779,4.788204491,4.443445554,4.310809667,4.15512869,4.209244121,4.296699949,4.474955754,4.258054737,4.304477346,4.136637154,4.136637154
HTI,Haiti,Low,LAC,163,0.141377058,0.135979028,0.121390921,0.091707348,0.024097907,0.113073751,0.129144255,0.167905118,0.151051784,0.152829822,0.19306917,0.170906137,0.203926138,0.191031476,0.182600413,0.187519956,0.187484249,0.186660219,0.182510278,0.1927221,0.214768403,0.225032474,0.22087752,0.260194651,0.256384273,0.248767197,0.275194489,0.282634908,0.302773182,0.292016116,0.256039713,0.256039713
HUN,Hungary,Very High,,46,7.056426064,6.72159323,5.993540259,6.119200322,5.96533499,5.931926617,6.09968417,5.977942432,5.949996897,6.016313515,5.710587547,5.883013688,5.803389165,6.089539235,5.945149924,5.976420436,5.931151363,5.841253956,5.729469778,5.168032055,5.244974248,5.072041537,4.740044917,4.432635887,4.454680275,4.767351921,4.826424758,5.082548778,5.089673458,5.067767347,4.99728219,4.99728219
IDN,Indonesia,High,EAP,114,0.828409579,0.978488748,1.084358326,1.151484658,1.149226571,1.150346314,1.275967649,1.384108461,1.04980546,1.169378532,1.298859319,1.414657716,1.429984615,1.545287643,1.542390476,1.542222446,1.511897033,1.670818554,1.555585298,1.68450403,1.868765758,2.059278165,2.099111633,1.970071266,1.955775342,2.134330639,2.144264261,2.173337265,2.297168351,2.440988872,2.155208427,2.155208427
IND,India,Medium,SA,132,0.662467546,0.691061836,0.721464905,0.730982832,0.758160122,0.790645026,0.840745238,0.858913152,0.860924213,0.916854893,0.926501849,0.923311648,0.935709427,0.953301068,0.996324301,1.033411591,1.080874404,1.147854401,1.21833217,1.324449273,1.359404681,1.423776027,1.551285071,1.590310828,1.687136923,1.731529473,1.79855959,1.81810563,1.922020137,1.921790091,1.769409088,1.769409088
IRL,Ireland,Very High,,8,9.383275157,9.572562832,9.48892206,9.505569745,9.764170193,9.980607908,10.35144093,10.62812372,11.03858405,11.37340586,11.96068413,12.39036032,11.79140829,11.47797178,11.37612644,11.6284006,11.25224346,11.02142351,10.7264658,9.384711706,9.176757633,8.298067677,8.298688555,8.079824553,7.977143816,8.315620349,8.551467179,8.232927207,8.133994924,7.634477864,6.753775883,6.753775883
IRN,Iran (Islamic Republic of),High,SA,76,3.724637046,3.918423807,3.860725953,3.944943926,4.354144687,4.420088296,4.394722716,4.229668974,4.775593747,5.856423555,5.625273483,5.940777659,5.90957874,6.072324714,6.409548794,6.643976585,7.138231354,7.186498912,7.413194987,7.665768248,7.724410822,7.735467711,7.979074311,7.978482665,8.285493064,8.008771316,8.010678047,8.828831259,8.644936122,8.84490715,8.870210046,8.870210046
IRQ,Iraq,Medium,AS,121,2.816274284,2.525811429,3.200035386,3.330494166,3.638260044,3.676711364,3.333635983,3.175408243,3.260398102,3.143636471,3.05203705,3.492868939,3.462316719,3.540151048,4.318450239,4.188511643,3.569092737,2.191568073,3.234137303,3.553940712,3.700688885,4.402694197,4.791933123,4.936416237,4.799228036,4.656619943,5.308878579,5.637481283,5.498462283,5.67266932,5.241572172,5.241572172
ISL,Iceland,Very High,,3,8.737350172,8.175092383,8.668042791,9.180448952,8.918751744,9.21835825,9.33777531,9.601809988,9.58096013,10.22204628,10.45554228,10.1213473,10.48368725,10.36596377,10.6803754,10.09020981,10.51948485,11.4557495,12.26098258,11.79420493,11.31527684,10.82405387,10.73784285,10.64437157,10.52758115,10.70787269,10.49770323,10.78042902,10.87988881,10.47308358,8.603839493,8.603839493
ISR,Israel,Very High,,22,8.053407632,7.876688002,8.854209624,8.973580029,9.298576831,9.459690437,9.574744817,9.85631503,9.827534143,9.400266887,10.01007408,10.398774,9.61231826,9.94122045,9.173621757,8.656755003,9.302855401,9.171696625,9.682636085,8.881863424,9.295229285,9.161718155,9.820757898,8.16199066,7.684003477,7.893085032,7.549539184,7.141470828,7.22376477,7.323728014,6.510389017,6.510389017
ITA,Italy,Very High,,30,7.704879779,7.691513643,7.687686544,7.545851607,7.442236055,7.867610977,7.781083839,7.903784362,8.141054471,8.232629017,8.299084928,8.273840593,8.359287215,8.61579692,8.655417445,8.617862992,8.487695093,8.3509866,8.127726725,7.186099462,7.351909253,7.120055025,6.737654713,6.146813784,5.786856464,5.964204062,5.902450354,5.815532829,5.756819977,5.611424924,5.02491109,5.02491109
JAM,Jamaica,High,LAC,110,3.110534046,3.177506647,3.13228221,3.220261283,3.26363478,3.620539201,3.786234624,3.896488895,3.715780722,3.782540572,3.885183303,3.954234902,3.78878101,3.937017174,3.880419007,3.801638173,4.203155162,3.883063058,3.87493907,2.83771908,2.731688051,2.92137559,2.784107142,2.970638525,2.677261865,2.765597344,2.808925359,2.669601431,2.739086569,2.728744464,2.508977035,2.508977035
JOR,Jordan,High,AS,102,2.93794817,2.633668537,3.012867828,2.802367219,3.004199885,2.878307233,2.921154973,2.902749508,2.882923154,2.835328857,2.967344221,2.991852547,3.087988993,3.125157572,3.345857278,3.54458789,3.425897182,3.426944917,3.159928242,3.095298886,2.838971188,2.77231201,2.943623221,2.795310191,2.903408385,2.757890591,2.548133895,2.612069292,2.534751023,2.548582446,2.497997184,2.497997184
JPN,Japan,Very High,,19,9.300872799,9.362795443,9.410228157,9.325937832,9.736156569,9.809797429,9.882268177,9.809711884,9.479372436,9.751431895,9.914783686,9.785677241,10.0014803,10.05375658,10.00639332,10.05540525,9.868672474,10.14159122,9.587106589,9.048354322,9.450707659,9.843395237,10.16954902,10.25095236,9.859890921,9.558894626,9.421471031,9.318411038,8.98929399,8.717694119,8.149938667,8.149938667
KAZ,Kazakhstan,Very High,ECA,56,17.1791407,16.59377157,15.16688599,13.57092247,11.58751264,11.26188597,10.48755537,10.09810916,9.885381698,8.320975281,9.988400907,9.629981613,10.75286982,11.85176914,12.36371899,13.10148858,14.21942571,14.49166303,14.41610937,13.9070001,15.32504457,14.53307234,14.67546985,14.90232917,16.12658549,16.42283959,16.19019701,17.03034162,17.31912205,15.94855749,15.51581435,15.51581435
KEN,Kenya,Medium,SSA,152,0.239717636,0.192033971,0.213313724,0.237781169,0.238284889,0.266699836,0.32021951,0.276026452,0.327138524,0.322485558,0.325063163,0.281193418,0.231668063,0.189946134,0.20875385,0.227670277,0.247966528,0.246491933,0.249070284,0.292566644,0.279434002,0.299414469,0.27034422,0.280538342,0.294924706,0.340471315,0.349754607,0.325008539,0.350566274,0.348973056,0.300273588,0.300273588
KGZ,Kyrgyzstan,Medium,ECA,118,4.42934127,3.620690162,2.487723365,1.896207807,1.360336921,0.988065078,1.223527358,1.184683502,1.235591297,0.956260125,0.935332123,0.778063188,0.985839279,1.073415338,1.152588656,1.086546398,1.057512886,1.257408776,1.436161781,1.262786543,1.164452013,1.368903004,1.778575972,1.68518398,1.727323933,1.724902045,1.588026992,1.510259005,1.855590789,1.717293889,1.763865121,1.763865121
KHM,Cambodia,Medium,EAP,146,0.1404252,0.140419638,0.140109679,0.138906538,0.138138588,0.140632563,0.138114492,0.129715186,0.161717056,0.15936623,0.162473153,0.181348328,0.174532968,0.184961874,0.187035993,0.208959996,0.222382009,0.253736085,0.279562547,0.323345256,0.356366996,0.357193378,0.368824936,0.371221666,0.425139856,0.549337059,0.668089872,0.804208325,0.792539375,0.929794738,0.916659614,0.916659614
KIR,Kiribati,Medium,EAP,136,0.303646409,0.298322749,0.343043629,0.387130857,0.382313812,0.377134182,0.371494113,0.365545537,0.359409486,0.353275804,0.390729418,0.341436709,0.461645954,0.494940057,0.526326258,0.634974276,0.699066173,0.607332663,0.667793967,0.544535817,0.569568723,0.524788022,0.482241233,0.475447215,0.535912461,0.49544758,0.488429135,0.577725608,0.569302615,0.578040236,0.56992524,0.56992524
KNA,Saint Kitts and Nevis,High,LAC,75,2.639409821,2.631565913,2.700936187,2.761152303,2.905303121,3.047963113,3.105356092,3.334577869,3.475625275,3.696519466,3.907292281,3.943361959,4.380825861,4.325186902,4.587470857,4.222634825,4.256955153,4.524676629,4.486458441,4.598860059,4.485066101,4.668230631,4.406759276,4.440603207,4.546224446,4.579809777,4.613268765,4.646363724,4.681260846,4.536092233,3.985789207,3.985789207
KOR,Korea (Republic of),Very High,,19,5.835934916,6.355464006,6.842533487,7.449452834,7.939219555,8.471508829,9.204045759,9.636931328,8.117518035,8.741433436,9.297968703,9.563645196,9.933204161,10.06932797,10.15084081,10.25776989,10.32121614,10.66398136,10.85803645,10.9272086,12.02103652,12.54465724,12.56348126,12.62851217,12.46039675,12.49852306,12.53854951,12.83352462,13.12504023,12.65047738,11.65622391,11.65622391
KWT,Kuwait,Very High,AS,50,18.04333799,7.343292164,15.50297448,27.71590093,33.28244864,33.99312909,30.68100024,31.96638398,28.15780951,27.57824717,26.10376002,27.33128511,27.13199878,27.58298614,28.67944987,31.34783838,30.91821448,29.90204947,30.98532422,30.82368413,29.83815549,27.22887193,29.88306743,23.16942379,20.4505301,23.81614724,25.48948349,23.45716907,23.10082005,22.9734474,20.82510746,20.82510746
LAO,Lao People's Democratic Republic,Medium,EAP,140,0.120456351,0.124665581,0.131707505,0.131477784,0.133927525,0.13843028,0.151456366,0.156903084,0.159403973,0.161563343,0.180400849,0.196447711,0.212224248,0.218949045,0.226501746,0.232453984,0.300594895,0.308732726,0.352477913,0.433836975,0.480784233,0.499419699,0.527268862,0.651429746,0.670160169,1.369555762,2.162727587,2.6839071,2.76484892,4.732814419,4.652122998,4.652122998
LBN,Lebanon,High,AS,112,2.807019797,2.777555305,3.162055464,3.189925468,3.264658982,3.473180326,3.531980951,4.127105005,4.409479304,4.383864948,4.024770622,4.110898494,3.884003773,4.222291851,3.766026798,3.543528371,3.107808325,2.883387479,3.655560711,4.354350049,4.03722062,3.89542459,4.032785251,3.748235674,3.831948793,3.93936453,3.946930431,4.102561922,3.870771355,3.888406647,3.804777564,3.804777564
LBR,Liberia,Low,SSA,178,0.225019172,0.181791535,0.193837604,0.214817734,0.212726649,0.207075892,0.201247131,0.194961573,0.19227156,0.144752477,0.147711602,0.15123258,0.144042656,0.152090081,0.17427641,0.203299073,0.202068899,0.181630897,0.148137677,0.126354074,0.195448579,0.212005497,0.232768224,0.206652773,0.273310783,0.269149842,0.295958805,0.261918504,0.225213962,0.221453753,0.199498545,0.199498545
LBY,Libya,High,AS,104,8.230018025,9.378857904,7.960721454,8.140319104,9.012075491,9.232524746,8.838937359,8.891390731,8.814612125,8.53963835,8.868209525,8.903268784,8.711882958,8.802274939,8.8664684,9.827969235,9.046536089,8.3647166,8.845177254,8.660179094,9.786398518,7.877211766,8.216476384,6.631600099,11.22132738,9.065229737,8.23841118,8.266370083,7.989972088,8.042698052,7.381523009,7.381523009
LCA,Saint Lucia,High,LAC,106,1.300825967,1.334761956,1.499082957,1.635183287,1.793042603,1.871042418,1.969442466,1.942311133,2.107096412,2.151166167,2.220903598,2.270023202,2.252747942,2.350900143,2.490730212,2.376619324,2.48136122,2.535328891,2.499955885,2.467875578,2.799264727,2.77599918,2.77945722,2.745207393,2.712623951,2.679566339,2.706916856,2.794246051,2.800059377,2.719514197,2.395617202,2.395617202
LIE,Liechtenstein,Very High,,16,6.911320296,7.076031414,7.002673163,7.173644704,6.609807402,6.612694301,6.570116116,6.860508954,7.094487945,6.913851506,6.534775796,6.397830234,6.493993329,6.710753475,6.65766864,6.595511768,6.607663712,5.700088026,6.187307942,5.747193999,5.300327832,4.869809605,5.059948109,5.211999783,4.330118475,4.259941286,3.971267725,4.107936508,3.753890794,3.903311502,3.698331935,3.698331935
LKA,Sri Lanka,High,SA,73,0.221104132,0.235986767,0.287892627,0.277570384,0.30037895,0.318715565,0.379511662,0.407143128,0.416701702,0.456329122,0.53969088,0.546031484,0.574321854,0.569755458,0.626569564,0.610652716,0.598726481,0.612431864,0.599845356,0.643257627,0.644120492,0.729769453,0.769415466,0.71040349,0.8509989,0.948453912,1.095424227,1.090044733,0.989148543,1.070398884,0.985665463,0.985665463
LSO,Lesotho,Low,SSA,168,0.864506291,0.876823991,0.890149443,0.896755415,0.899574711,0.899295164,0.897848359,0.8992177,0.902470869,0.903437141,0.910220562,0.921532219,0.938650497,0.956673478,0.98816515,1.007707977,1.023749974,1.043724917,1.069432332,1.113846274,1.140169204,1.528654728,1.534694396,1.150586878,1.210309061,1.089061258,1.066538797,1.173731816,1.22518887,1.092144614,1.019209252,1.019209252
LTU,Lithuania,Very High,,35,9.677316367,10.23676543,5.748614601,4.455258754,4.330085173,4.161349491,4.376933399,4.244883251,4.509131987,3.820433126,3.391475165,3.635136205,3.686523572,3.717411583,3.929838862,4.221372211,4.369553799,4.855537622,4.731758104,4.117842997,4.464123367,4.635397968,4.710232368,4.438382497,4.410807078,4.542989481,4.620466044,4.769710137,4.889292834,5.045283294,5.069079734,5.069079734
LUX,Luxembourg,Very High,,17,30.96799034,32.20664058,31.19541945,31.13505204,28.68179299,22.42244866,22.22614064,20.36792754,18.02561098,18.84654804,19.97211668,20.91649667,22.49947039,23.38114378,26.18061657,26.3999371,25.60039518,23.82952739,23.03993572,21.42542097,22.06643578,21.37926121,20.4691659,19.02204364,17.73799133,16.49430692,15.6969879,15.64646652,15.8352986,15.8384614,13.05892539,13.05892539
LVA,Latvia,Very High,,39,7.37918939,6.764176747,5.416803104,4.615975538,4.076854005,3.641169154,3.716064663,3.537999932,3.417293788,3.204902471,2.970223525,3.178158412,3.224052852,3.350567774,3.39239491,3.46830563,3.734720678,3.929413231,3.775689588,3.476385745,4.037169026,3.73073304,3.63428799,3.603205349,3.548304266,3.635277828,3.652142113,3.69786843,4.07548203,4.011133121,3.590715291,3.590715291
MAR,Morocco,Medium,AS,123,0.898842453,0.93776014,0.962094411,1.023846001,1.057903037,1.065052743,1.078186832,1.08009596,1.098566821,1.124060019,1.152996114,1.263657316,1.266562344,1.227889818,1.402135147,1.46642513,1.501375619,1.569542204,1.628861587,1.592895531,1.680875186,1.673718688,1.713304595,1.678932811,1.672154394,1.689019459,1.664209675,1.732052453,1.729022154,1.870394606,1.74845085,1.74845085
MCO,Monaco,,,,,,,,,,,,,,,,,,,,,,,,,,,,,,,,,,,
MDA,Moldova (Republic of),High,ECA,80,8.391538871,6.772722597,4.793029965,3.625090537,2.851023852,2.627610902,2.707714592,1.703335517,1.514464952,1.108539886,0.850176246,0.904350584,0.969716842,1.055358455,1.106872692,1.187100789,1.213067665,1.20543246,1.261983359,1.107865786,1.182281996,1.212258198,1.169265088,1.202427434,1.168260378,1.1746874,1.206022908,1.285937526,1.3408132,1.275257138,1.275891722,1.275891722
MDG,Madagascar,Low,SSA,173,0.080150825,0.084586395,0.079736055,0.079405402,0.095465189,0.095559315,0.096427396,0.113124931,0.115512468,0.118939801,0.118426015,0.10673435,0.073491882,0.097290716,0.100528018,0.094160767,0.08831442,0.088712653,0.089015698,0.082959322,0.08849432,0.109506237,0.12297148,0.140009769,0.134019288,0.133328723,0.13068015,0.16120522,0.158657008,0.150163295,0.132880633,0.132880633
MDV,Maldives,High,SA,90,0.771695391,0.669812101,0.97699617,0.815564395,0.795935443,0.980369011,1.116817075,1.249838919,1.119181986,1.540469497,1.613003672,1.612470573,2.017669094,1.670493553,2.142386712,1.880115642,2.315969794,2.328467132,2.453676205,2.498655906,2.554643539,2.590362554,2.794805116,2.627330104,3.023803777,2.883395799,3.020533656,3.048335825,3.374856505,3.378830141,3.32350373,3.32350373
MEX,Mexico,High,LAC,86,3.776871228,3.860637043,3.82175794,3.814561598,3.899093131,3.617550909,3.71204587,3.896426337,4.043012432,4.005920634,4.004722151,4.094770319,4.051420371,4.246732328,4.198985653,4.377079491,4.430685404,4.394839185,4.448662134,4.231608143,4.064952718,4.184820611,4.231960571,4.124727847,3.99757624,3.955206712,3.914577835,3.685358728,3.608091424,3.413761271,2.76863785,2.76863785
MHL,Marshall Islands,Medium,EAP,131,,,1.562473348,1.691156108,1.678223638,1.742790891,1.74016979,1.743032706,1.819048376,1.743966047,1.949204973,1.99506048,2.098911591,1.987803053,2.152323959,2.055448985,2.168128104,2.222618687,2.282906683,2.344888889,2.405173331,2.462896464,2.390288626,2.44529137,2.499169275,2.487856683,2.475101758,2.52437218,2.509030524,2.569610995,2.555837135,2.555837135
MKD,North Macedonia,High,ECA,78,7.105601164,5.034360072,5.523671982,5.102548956,5.315630041,5.363211533,5.87325196,5.290063303,6.247934328,5.762810994,5.895315505,5.838092226,5.303944306,5.467204564,5.3988045,5.425931418,5.251435803,4.54313057,4.496464735,4.152700843,4.105052249,4.437470537,4.211103815,3.743279962,3.590331003,3.377966343,3.358031242,3.604185599,3.372081133,3.827625118,3.430253041,3.430253041
MLI,Mali,Low,SSA,186,0.049969745,0.049318357,0.052260175,0.055331821,0.058746336,0.062092796,0.065674748,0.071987667,0.090180445,0.091230465,0.097401485,0.103046595,0.10408124,0.103966595,0.113751478,0.113858415,0.116273275,0.130974964,0.138632467,0.129411185,0.13877673,0.146893988,0.152482907,0.166773517,0.183002293,0.187547545,0.185311322,0.190920371,0.191825566,0.187617977,0.167400521,0.167400521
MLT,Malta,Very High,,23,6.653039239,6.179144224,6.292352898,7.797451284,7.143010033,6.527795466,6.780748607,6.739107776,6.571561362,6.72662156,6.466486301,6.724733049,6.790513596,7.432289159,7.066236033,6.55944723,6.560955681,6.714200249,6.70857235,6.153778866,6.226871018,6.168814069,6.544431247,5.735760329,5.691346058,4.015601106,3.222677524,3.560818664,3.502121808,3.790204645,3.612105729,3.612105729
MMR,Myanmar,Medium,EAP,149,0.102471988,0.098767738,0.114191219,0.123641869,0.142817207,0.157335958,0.162030204,0.165342161,0.176186912,0.193369245,0.214982112,0.183832249,0.191899023,0.203105358,0.254714948,0.235518241,0.259205433,0.257837962,0.194720002,0.202103997,0.258547204,0.295511231,0.231317705,0.249505964,0.309287398,0.419673411,0.479538196,0.463966456,0.608471835,0.666981587,0.667627891,0.667627891
MNE,Montenegro,Very High,ECA,49,3.114298815,2.200589856,2.403377983,2.090318703,2.026651099,2.139364106,2.506023008,2.700984603,2.851677405,1.971687999,2.478653235,2.719143599,2.879497074,3.076477131,3.318485523,2.840404873,3.338620399,3.317703836,4.192847486,2.699782804,3.879540267,3.849856862,3.535727124,3.433890268,3.362031134,3.570744996,3.212682379,3.351217328,3.822659439,4.211870628,3.677798193,3.677798193
MNG,Mongolia,High,EAP,96,4.52808765,5.465037691,4.90034522,4.092725918,3.476067966,3.437480962,3.463442472,3.291641942,3.263411081,3.17108018,3.122859677,3.252578538,3.381737024,3.243690562,3.43323622,3.39361089,3.675783241,4.656722517,4.565792443,4.889677447,5.081076629,7.734190598,12.40164435,15.11518358,10.06289565,7.751733485,8.286545712,11.00422444,14.99494041,27.49975428,26.97802818,26.97802818
MOZ,Mozambique,Low,SSA,185,0.076131344,0.071187554,0.075199183,0.082917297,0.072223477,0.071625623,0.068406627,0.071365917,0.066129617,0.067750363,0.074633325,0.085282052,0.081916825,0.095985226,0.0936187,0.086352419,0.090872391,0.100995159,0.097856064,0.106531159,0.111955962,0.128438275,0.119894634,0.13988241,0.300507594,0.233118835,0.293026165,0.290512575,0.233635037,0.239991812,0.210232236,0.210232236
MRT,Mauritania,Medium,SSA,158,0.419648378,0.415903544,0.422379816,0.42164044,0.423982805,0.438661324,0.447806293,0.442643153,0.428608742,0.427664903,0.423500857,0.433873594,0.449731993,0.451394187,0.471209123,0.474936462,0.456826138,0.511410244,0.538007268,0.577649202,0.560987581,0.586470252,0.628696998,0.535560763,0.635682043,0.722610602,0.608978,0.833308037,0.832941015,0.817222368,0.726332991,0.726332991
MUS,Mauritius,Very High,SSA,63,1.384548069,1.423197768,1.576610684,1.614248056,1.45691239,1.61986687,1.706907845,1.730206041,1.861436235,2.063332466,2.269258192,2.396816529,2.399376941,2.53053365,2.540806481,2.695492564,2.953694724,2.987302748,3.039389572,2.98072896,3.135689989,3.130735045,3.162694816,3.239470724,3.345355926,3.342633645,3.443712283,3.587191449,3.56222651,3.448145499,3.129029823,3.129029823
MWI,Malawi,Low,SSA,169,0.078710192,0.081862598,0.081145178,0.09062101,0.092684048,0.092100953,0.09033314,0.092273617,0.087463082,0.084952335,0.077631069,0.069162001,0.072235297,0.075279698,0.074155586,0.071665091,0.070657567,0.072660328,0.079211008,0.077363251,0.070503945,0.076205804,0.073532015,0.07343134,0.062653657,0.066872484,0.075930263,0.077203445,0.08654474,0.085271436,0.072922295,0.072922295
MYS,Malaysia,Very High,EAP,62,3.009979465,3.552123314,3.839515908,4.450554476,4.536653735,5.561103354,5.397468304,5.661817558,5.165692396,4.778693612,5.441131397,5.651336096,5.581461403,6.337197742,6.792281518,7.058329598,6.823355702,6.828326105,7.416109396,7.236798649,7.655095436,7.57369064,7.403729211,8.228580325,8.197537564,7.658953819,8.16566483,8.055430047,8.634519001,8.721791705,8.422647483,8.422647483
NAM,Namibia,Medium,SSA,139,,0.714717269,0.758425744,0.892996661,0.987484782,0.994861367,1.03530286,1.042206507,1.049468163,0.943102595,0.894252721,1.102994398,0.965691487,1.002226046,1.033261783,1.192785505,1.18580624,1.175969866,1.631697069,1.468397593,1.456009182,1.289981258,1.528670488,1.149626507,1.617824751,1.663697501,1.718034099,1.754824811,1.665195578,1.6363804,1.525913011,1.525913011
NER,Niger,Low,SSA,189,0.074973298,0.068622051,0.061690696,0.067925565,0.063234105,0.059210005,0.065332885,0.063474871,0.066132067,0.062450606,0.061237833,0.055550993,0.05707309,0.059652194,0.06165284,0.052011576,0.048608697,0.04875523,0.052585066,0.060688123,0.07107618,0.07726077,0.098588328,0.102187164,0.10782644,0.10174154,0.09929867,0.092846243,0.083015407,0.079504211,0.069832068,0.069832068
NGA,Nigeria,Low,SSA,163,0.408111544,0.429304972,0.461906052,0.436357073,0.331783383,0.309561977,0.332420718,0.361445837,0.324502048,0.331937608,0.644591252,0.691569518,0.733331863,0.758207139,0.729271299,0.761587065,0.686193777,0.64418351,0.630681026,0.485243042,0.708592648,0.795851717,0.695638575,0.710841091,0.72459878,0.626430378,0.622827758,0.597482379,0.65311248,0.647401324,0.608631271,0.608631271
NIC,Nicaragua,Medium,LAC,126,0.489740583,0.465440738,0.543611749,0.511462529,0.552313377,0.592216346,0.6004752,0.645136434,0.690886557,0.720731551,0.734085284,0.76218096,0.764427911,0.819180525,0.816002431,0.78513392,0.801285801,0.814070702,0.77027832,0.773662847,0.767127427,0.814139971,0.759896405,0.761473442,0.774264737,0.872584056,0.853858217,0.862072476,0.816781252,0.866717327,0.76589307,0.76589307
NLD,Netherlands,Very High,,10,10.81203182,11.29988286,11.21038817,11.14789318,11.11240592,11.1392591,11.65905847,11.14587708,11.14358781,10.73136012,10.74236974,11.00070832,10.89804042,11.04931433,11.10666658,10.8095981,10.46820466,10.41283652,10.55413462,10.19696839,10.88164618,10.05313417,9.808359298,9.777337278,9.333312733,9.69388728,9.712168595,9.55330386,9.321459639,8.983963975,8.059593325,8.059593325
NOR,Norway,Very High,,2,8.263631944,7.85577417,8.029477136,8.341387161,8.732695092,8.82116879,9.467794498,9.446498873,9.417680011,9.531953928,9.372651753,9.625382339,9.375895701,9.630411198,9.646571473,9.364980818,9.409813066,9.686396709,9.397782738,8.964027871,9.352873731,9.056994986,8.844151106,8.788147547,8.766175994,8.772584366,8.531791111,8.377883083,8.330707487,7.969165196,7.615046075,7.615046075
NPL,Nepal,Medium,SA,143,0.038160368,0.052887057,0.061835701,0.068194324,0.076964374,0.107012069,0.106508036,0.116941612,0.096422555,0.135733938,0.12686964,0.132915181,0.105008459,0.11205352,0.101591921,0.116017013,0.094239035,0.09742413,0.125692927,0.153603311,0.178590388,0.19305342,0.202685055,0.231000773,0.28214176,0.252329897,0.357988666,0.42151176,0.487262933,0.593053654,0.582002668,0.582002668
NRU,Nauru,,EAP,,13.1067859,12.75911512,12.05483549,11.04111986,10.47056582,9.998118178,9.613005997,9.635578097,9.363748225,8.766389128,8.15246203,7.89114048,7.616709562,6.599159496,6.660472632,6.324296883,4.473748474,4.467384678,4.445253261,4.055136332,4.394602699,4.002383317,4.336094675,4.665687139,4.985518515,5.293267842,4.89699284,5.198146222,5.150890347,5.266920788,5.241223208,5.241223208
NZL,New Zealand,Very High,,13,7.547969909,7.641178468,8.071207283,7.816799384,7.735396584,7.659670808,7.902755431,8.348394958,7.909832361,8.259983746,8.380256123,8.825637492,8.745318815,9.025429449,8.811137432,9.081082519,8.969040739,8.659792499,8.815318753,8.068420297,8.016202058,7.807086192,8.087333055,7.81334133,7.779132997,7.816892374,7.362684887,7.625380846,7.545479979,7.839014456,6.941846236,6.941846236
OMN,Oman,Very High,AS,54,6.192827238,6.122608472,5.996495695,6.382305135,7.00705961,7.131181789,6.654493721,6.77756136,7.238803054,9.116396973,9.495527504,8.761277965,10.80789496,13.42215923,11.28289028,11.73415162,15.12993469,16.54760462,15.30740326,14.1346561,15.42528952,16.44848464,16.85752176,16.2765359,15.06642233,14.49527904,13.46449013,14.12486434,12.55147301,12.21243638,12.17292984,12.17292984
PAK,Pakistan,Low,SA,161,0.630085555,0.609116479,0.632202512,0.659133018,0.698042306,0.675525411,0.734507432,0.715626724,0.717430885,0.716967154,0.740601027,0.733851025,0.754959054,0.767446675,0.829541068,0.840631508,0.876259591,0.928713187,0.905081373,0.884319963,0.859108867,0.843566342,0.821636555,0.786625881,0.799995339,0.848690651,1.016634212,1.125399771,1.122875299,1.081839891,1.062756182,1.062756182
PAN,Panama,Very High,LAC,61,1.065178654,1.230422041,1.596418259,1.439355334,1.556303826,1.333373241,1.59024937,1.622369007,2.026119418,1.892234642,1.890356423,2.250450537,1.848444742,1.897759086,1.746827204,2.09334707,2.218378814,2.128052003,2.085942681,2.363842351,2.490496713,2.685267948,2.590577798,2.741097164,2.78249841,2.740994238,2.614564296,2.730126774,2.56907746,2.895108113,2.498280904,2.498280904
PER,Peru,High,LAC,84,0.969615339,0.921656674,0.913744342,1.020363394,0.996121487,1.015203818,0.978612436,1.082275585,1.076032165,1.118692853,1.137715938,1.006780591,0.996643367,0.957543606,1.147840845,1.325414764,1.011730245,1.223627444,1.428816157,1.782315663,1.969616994,1.67180045,1.831476879,1.44631285,1.642841815,1.610292683,1.704696548,1.708484635,1.708357743,1.691071484,1.355886751,1.355886751
PHL,Philippines,Medium,EAP,116,0.668057082,0.685084652,0.742736294,0.734733918,0.793807834,0.859084094,0.857892151,0.959343447,0.914030523,0.893222037,0.927632671,0.882408245,0.862239016,0.845438093,0.859060729,0.848782381,0.756907531,0.791483905,0.850372156,0.827706508,0.882787513,0.876242086,0.909431091,0.968874213,1.006673336,1.09821636,1.179170367,1.282666618,1.318859461,1.356081117,1.241254444,1.241254444
PLW,Palau,High,EAP,80,,,12.47855701,12.1461019,11.83585572,11.52761594,11.2465185,10.98367936,10.74741988,10.53792075,10.93169327,11.15134633,10.82191781,10.72795194,10.88136105,11.11369496,11.6258956,13.19657584,10.96984602,10.82089144,11.63185742,12.18258664,12.67006803,12.90298762,12.47248383,11.61505802,11.98928068,12.13948787,11.86742615,12.16403821,12.12335581,12.12335581
PNG,Papua New Guinea,Medium,EAP,156,0.466740716,0.459015644,0.453060729,0.442731344,0.430368317,0.396987889,0.411610448,0.472915325,0.512669655,0.427542191,0.455521304,0.536602356,0.571358673,0.633498501,0.705780152,0.674698298,0.647700919,0.898169557,0.686978486,0.712310645,0.637520763,0.699245296,0.652037655,0.68449408,0.761231349,0.784962582,0.802187007,0.755554966,0.744603706,0.754058547,0.74349862,0.74349862
POL,Poland,Very High,,34,9.926393156,9.816149212,9.548789037,9.541222437,9.390880577,9.435516151,9.804380022,9.534565209,8.799522459,8.54431517,8.239596689,8.144980654,7.965564495,8.313801655,8.448357661,8.428294452,8.794014775,8.779042909,8.615268234,8.261394294,8.737005307,8.731613228,8.546360529,8.454689799,8.145739808,8.240480859,8.537729914,8.897351948,8.886554657,8.433355061,7.9159743,7.9159743
PRK,Korea (Democratic People's Rep. of),,EAP,,6.031635258,5.68811426,4.917658369,4.461094731,4.018906865,3.716928398,3.239582194,2.917287714,2.607718157,2.819860139,3.016471445,3.097936366,2.941011514,2.97921718,3.022037371,3.134160667,3.166602813,2.624339811,2.893010662,2.19280548,2.037685208,1.466595902,1.51468238,1.083599882,1.219002155,0.977666902,1.162193351,0.856034204,0.691744577,1.144670603,1.13702274,1.13702274
PRT,Portugal,Very High,,38,4.581327175,4.75512979,5.123118048,4.951303638,5.005105005,5.404979029,5.115196141,5.377253057,5.802555147,6.524595567,6.380216123,6.310921076,6.715654468,6.199118433,6.445918177,6.633985171,6.158365448,5.906209724,5.674470809,5.396387948,5.003445621,4.902340535,4.748037014,4.600535032,4.603656787,5.043222399,4.88674779,5.368183414,5.020615349,4.657562002,3.960866197,3.960866197
PRY,Paraguay,High,LAC,105,0.505657152,0.485286704,0.58040286,0.63968534,0.729582387,0.824205443,0.760859246,0.825913847,0.858269025,0.838881754,0.677430741,0.68076598,0.697275216,0.715695396,0.708710457,0.649010593,0.661011644,0.673776642,0.703468471,0.735159082,0.803742626,0.820764082,0.805620109,0.794451725,0.827059398,0.904653877,1.059742645,1.175641224,1.22327764,1.2101264,1.061291226,1.061291226
PSE,"Palestine, State of",High,AS,106,0.409736914,0.403021084,0.400408802,0.390700662,0.386613956,0.360988869,0.378081277,0.301078758,0.487199312,0.438063967,0.514825824,0.407382678,0.341462722,0.3715137,0.626104927,0.765994934,0.618279379,0.618401367,0.532012128,0.527709486,0.501401631,0.541250597,0.518298282,0.562267698,0.640354746,0.663367163,0.697118465,0.688465077,0.608022367,0.599407398,0.568234611,0.568234611
QAT,Qatar,Very High,AS,42,23.95911631,35.66306148,54.05847859,61.18800588,59.76696165,60.95781023,60.60578224,68.72381244,57.51248273,53.91094307,57.40681353,67.01251358,63.51167479,60.5767482,56.6964985,58.57310242,61.79340987,51.62413393,44.72622358,41.44946977,38.74328176,39.12217424,42.03116199,35.39233082,36.76751526,35.13156202,33.49433802,36.61180125,38.43969224,40.619378,37.01945087,37.01945087
ROU,Romania,Very High,,53,7.274845077,5.977146603,5.571354881,5.203527065,5.154112914,5.410782976,5.593850801,5.153677041,4.632430122,3.950910671,4.172311144,4.449835943,4.486737524,4.719469575,4.716161941,4.681226958,4.859739935,4.818835658,4.732721359,3.951654015,3.807342604,4.231139951,4.146949873,3.712846157,3.772946901,3.832413015,3.74576341,3.928117522,3.978690989,3.865118112,3.715362722,3.715362722
RUS,Russian Federation,Very High,,52,17.11849304,16.19105645,13.20499655,12.53376376,11.06587318,10.88287578,10.67671029,9.986868004,9.896592172,10.11667456,10.04925019,10.33874474,10.29980643,10.54973857,10.62387194,10.77174293,11.20296669,11.19977542,11.42713594,10.6676483,11.2428294,11.58783401,11.66788658,11.22061086,11.21619178,11.19494542,11.141591,11.31351661,11.60776661,11.51315093,10.8071526,10.8071526
RWA,Rwanda,Low,SSA,165,0.071871105,0.066649398,0.071541711,0.077102289,0.077846981,0.077916626,0.077171419,0.075161595,0.069156067,0.067004975,0.064929508,0.063463747,0.061571889,0.059494031,0.059415768,0.058168269,0.056883869,0.0584639,0.055416884,0.057065637,0.05711532,0.062858175,0.068102585,0.072355108,0.07462898,0.080846535,0.088817839,0.08768078,0.09283066,0.094036961,0.079731518,0.079731518
SAU,Saudi Arabia,Very High,AS,35,12.84340035,17.20328887,18.29429803,19.17675423,18.01529224,14.07930141,13.56923943,11.12000417,10.475505,11.19043293,14.34214342,13.98826146,14.93663035,14.53988527,17.05746441,16.62125287,17.60496949,15.34696386,16.69991368,17.49301538,18.87995319,17.60528639,19.31680438,17.99561221,19.70480774,21.27767468,19.69755248,19.31586787,18.45406055,18.16280816,17.96720336,17.96720336
SDN,Sudan,Low,AS,172,0.236698285,0.213795688,0.183870535,0.121906971,0.162178625,0.161981365,0.162518673,0.194381685,0.164720899,0.174457646,0.185349119,0.207968358,0.258420393,0.281210253,0.346552364,0.32401476,0.346906746,0.398777885,0.412394278,0.419991388,0.416777959,0.396521259,0.401690533,0.436320134,0.438278772,0.518279462,0.484630894,0.532053237,0.506679982,0.514595509,0.430091637,0.430091637
SEN,Senegal,Low,SSA,170,0.417043844,0.435716813,0.428367819,0.430145039,0.45348885,0.394710618,0.411102563,0.348531691,0.356619662,0.376602016,0.398265558,0.424278186,0.431449812,0.467439684,0.484566122,0.499444731,0.388534166,0.416057732,0.39487031,0.426239497,0.541277795,0.599886035,0.549328786,0.569761894,0.615489287,0.675338868,0.668001955,0.69690334,0.714656816,0.691289173,0.624178545,0.624178545
SGP,Singapore,Very High,EAP,12,14.44941629,14.26423836,14.82712753,15.02262534,17.59107862,11.49919356,13.19693023,15.12123748,12.28068176,12.44080842,12.01182664,12.06731671,11.47382857,11.97280361,11.21774255,8.549103579,9.777706401,10.37830093,12.05501733,18.14068901,11.03447711,5.751157565,8.966424284,9.968650854,9.991483318,11.11028456,7.123683634,6.84395925,7.989840728,7.874336035,7.777989731,7.777989731
SLB,Solomon Islands,Medium,EAP,155,0.469945425,0.49114658,0.488552857,0.507239974,0.524506057,0.530309145,0.535447049,0.539948789,0.553324477,0.538315579,0.541608104,0.553139094,0.563784931,0.57375894,0.599294716,0.600381343,0.60169037,0.610506937,0.611451049,0.618753409,0.624709914,0.636023349,0.625972237,0.65413347,0.561696126,0.486007713,0.467294548,0.449327793,0.443374276,0.445431106,0.434978832,0.434978832
SLE,Sierra Leone,Low,SSA,181,0.119594552,0.133967705,0.073318822,0.074482144,0.080765237,0.053632041,0.071366528,0.051553514,0.055191359,0.043517156,0.071928213,0.09094309,0.101086116,0.102851913,0.095747306,0.075283087,0.099311454,0.081358908,0.082436049,0.080024117,0.084523213,0.108303216,0.123906084,0.146795278,0.158212425,0.122101297,0.123486219,0.121833395,0.124525663,0.122950668,0.109965133,0.109965133
SLV,El Salvador,Medium,LAC,125,0.469651404,0.590524724,0.61237116,0.724090093,0.811356656,0.888036101,0.775843252,0.942469951,0.988518852,0.956038876,0.96315585,0.988256128,1.01807473,1.073543099,1.038182396,1.040577001,1.105010545,1.121161648,1.044511824,1.025141587,1.021786501,1.046506535,1.037508799,0.972619202,0.977136605,1.055362709,1.04557119,0.941715927,0.992283451,1.061849186,0.944111387,0.944111387
SMR,San Marino,Very High,,44,,,,,,,,,,,,,,,,,,,,,,,,,,,,,,,,
SOM,Somalia,,AS,,0.101161342,0.0972762,0.093311058,0.087538521,0.08537289,0.078634349,0.073922063,0.067868118,0.062289741,0.057400386,0.054098992,0.0546408,0.061700758,0.060473264,0.058593856,0.056818013,0.055144485,0.054892902,0.052723531,0.050968228,0.050805044,0.049440459,0.047832948,0.048241306,0.046948025,0.045676656,0.044942645,0.043699512,0.042479371,0.043074797,0.035369795,0.035369795
SRB,Serbia,Very High,ECA,63,5.930881229,4.021280267,4.413703075,3.840971589,3.683621374,3.882368403,4.54646961,4.938640914,5.245816028,3.65597519,4.737776065,5.111049385,5.458598518,5.893566606,6.384492751,5.616171724,6.65196502,6.543587456,5.714968141,5.086255592,5.08231666,5.461664619,4.89082185,4.994537445,4.179354031,4.928151287,5.08636641,5.156038284,5.028085529,5.624290731,4.936885477,4.936885477
SSD,South Sudan,Low,SSA,191,0.078995045,0.074982874,0.068495513,0.048307856,0.067394913,0.069572924,0.070351437,0.083107663,0.068872129,0.071268691,0.074171766,0.082055984,0.100821952,0.108619549,0.131974723,0.121021527,0.126295526,0.141092049,0.141823126,0.141179549,0.138120501,0.13032644,0.131505454,0.139410441,0.144407137,0.178486473,0.157285684,0.133317899,0.121848478,0.126142266,0.105344736,0.105344736
STP,Sao Tome and Principe,Medium,SSA,138,0.399567147,0.39056709,0.382352941,0.37487211,0.368022128,0.361730889,0.355978058,0.350668473,0.345540015,0.340328239,0.334818855,0.354364271,0.397593712,0.438466908,0.476658189,0.488620199,0.521223891,0.506746843,0.492473118,0.520821488,0.548469543,0.536125382,0.622332859,0.629454362,0.599048675,0.606271812,0.613009098,0.61925066,0.62503554,0.587102894,0.514421037,0.514421037
SUR,Suriname,High,LAC,99,4.288097777,4.898487912,4.826995994,4.760881247,4.69380954,4.663563056,4.646228467,4.633819284,4.576681433,4.56138466,4.655068808,4.957834903,3.235144691,3.151604084,3.151440511,3.180409399,3.440762327,3.435964952,3.742243141,3.812575151,4.527612255,4.073029771,4.868405251,5.014334239,5.076336637,4.833110671,4.02894025,4.33675258,4.365179951,4.335090097,3.791474042,3.791474042
SVK,Slovakia,Very High,,45,11.62445584,10.03572078,9.171532621,8.664848648,8.154474746,8.217718637,8.178929235,8.193253307,8.14269356,7.977700906,7.621891421,8.008400753,7.7729355,7.834814922,7.924465402,7.926077656,7.882918636,7.590042181,7.662559213,6.967938142,7.107625899,7.025317544,6.633783259,6.549059571,6.187570262,6.330585467,6.404976256,6.613667652,6.607263433,6.189008529,5.628647446,5.628647446
SVN,Slovenia,Very High,,23,7.517425445,6.95403358,6.9177811,7.114872066,7.331149907,7.705419684,8.039515932,8.305345278,8.068542331,7.750579584,7.56802905,8.195531887,8.326561051,8.174410497,8.380974585,8.473685899,8.564843715,8.605459521,9.020974251,7.953962132,8.041649517,7.96261079,7.647304943,7.32214957,6.549252039,6.577253079,6.954599582,7.027519825,6.975282469,6.737966011,6.042989257,6.042989257
SWE,Sweden,Very High,,7,6.69729523,6.695882048,6.618733062,6.577989421,6.819527646,6.723808963,7.150765798,6.568064664,6.61964899,6.295139241,6.159875879,6.252966325,6.345571148,6.388740309,6.28443715,5.961571801,5.903872676,5.780918109,5.509359246,5.073741929,5.657662355,5.203212098,4.901479773,4.700137742,4.471245797,4.465214876,4.398329525,4.300267262,4.221513055,4.078851546,3.825506114,3.825506114
SWZ,Eswatini (Kingdom of),Medium,SSA,144,1.16725031,1.031663405,0.959327238,0.800738082,1.186840308,1.146474962,0.833160587,1.186598659,1.18530326,1.245739899,1.202564064,1.080791508,1.060684416,0.981519395,0.974679573,0.984786222,0.979546218,0.998031942,0.973670049,1.001355125,0.935927283,0.93989644,1.082936158,1.287766494,0.702672739,0.786535682,0.947219786,0.876258551,0.909282123,0.882217171,0.823831803,0.823831803
SYC,Seychelles,High,SSA,72,2.128666572,2.410689288,2.370242929,2.473503004,2.67126193,2.581377448,3.022140887,3.507115053,3.661084691,3.80627558,3.890315571,4.17914432,4.140014511,3.970982403,4.234435252,4.298574136,4.297299109,4.473847793,4.577496711,4.842184093,4.857775245,4.426281249,4.589700118,4.433106697,4.900068991,5.053591358,5.589175635,5.776203613,5.735869655,5.94532377,4.993238228,4.993238228
SYR,Syrian Arab Republic,Medium,AS,150,2.97644151,3.292975382,3.227387597,3.33367932,3.311005302,2.871989333,2.868496182,2.990250747,3.189590035,3.232936711,3.076087232,2.871185093,2.24994018,3.076723605,2.826183228,2.716688735,2.772484637,3.306075071,3.236381002,2.903077841,2.842196259,2.740973678,2.310833835,1.748538866,1.648317907,1.564825335,1.664955205,1.874795489,1.791997513,1.816546852,1.744614402,1.744614402
TCD,Chad,Low,SSA,190,0.063285939,0.062484175,0.063979255,0.061402314,0.059975936,0.060107173,0.060132603,0.060061361,0.059415334,0.059144207,0.058320988,0.057843633,0.056468216,0.079346775,0.076782526,0.075845086,0.075682377,0.078915521,0.082888425,0.081456577,0.083383422,0.0904701,0.048035355,0.049642852,0.072443021,0.049373626,0.069559377,0.068982955,0.067471139,0.063046831,0.055540457,0.055540457
TGO,Togo,Low,SSA,162,0.259024691,0.271758264,0.26115682,0.265273254,0.244308133,0.277950572,0.290930497,0.195942845,0.278470596,0.387076692,0.270367854,0.228915489,0.254472217,0.338552282,0.318941959,0.306790885,0.260373286,0.25620068,0.250319721,0.43846942,0.40420893,0.379612134,0.327083329,0.236184854,0.216012889,0.254767137,0.307112523,0.287082869,0.29027418,0.285213513,0.264726786,0.264726786
THA,Thailand,Very High,EAP,66,1.554434578,1.690437412,1.832929053,2.072602257,2.26409836,2.615167798,2.889209423,2.935150901,2.567913218,2.648322383,2.681380712,2.844044486,2.978197582,3.129248944,3.341329348,3.408789222,3.439019581,3.466348369,3.410042755,3.623226455,3.80094938,3.756194535,3.984138973,4.220408456,4.129947092,4.157602169,4.109455195,4.131778429,3.97786481,3.901218377,3.692920935,3.692920935
TJK,Tajikistan,Medium,ECA,122,2.286984364,1.808585295,1.328143202,0.924424961,0.414691098,0.424177033,0.482589076,0.362066919,0.414225864,0.411329974,0.359359308,0.36204721,0.292086331,0.316576492,0.3843216,0.359314282,0.383556032,0.456923385,0.401668255,0.331850912,0.336955924,0.304085347,0.372503043,0.360667905,0.557396472,0.62719215,0.74333021,0.885671468,1.000743338,0.926304402,0.990569475,0.990569475
TKM,Turkmenistan,High,ECA,91,8.513974202,8.634284153,8.203971288,6.860595259,8.126918847,8.06434939,7.138378848,7.016231026,7.256316389,8.42016643,8.296079854,8.325966026,8.652962415,9.562533843,9.875088261,10.14433041,10.26436199,11.47607431,11.48087015,10.01798339,11.22618613,12.01814427,12.25040339,12.36873362,12.44588689,12.61938513,12.39126457,12.19789196,12.0403678,12.8437154,12.49132843,12.49132843
TLS,Timor-Leste,Medium,EAP,140,,,,,,,,,,,,,0.174727483,0.170223459,0.180956134,0.17672979,0.176637493,0.176767092,0.190936215,0.211463151,0.214444506,0.220536118,0.258712756,0.470192336,0.517928931,0.502297915,0.40567938,0.400801764,0.401664387,0.405971918,0.398727289,0.398727289
TON,Tonga,High,EAP,91,0.809348999,1.000188984,0.729735113,0.881902948,0.956767879,0.992581479,0.799227198,1.023897991,0.906257729,1.127592786,0.972349525,0.89286911,1.036032397,1.177338863,1.096808956,1.125613201,1.26088923,1.107222585,1.169579895,1.26961209,1.127555632,0.990614318,1.034291443,1.116067919,1.124242784,1.199730108,1.268033184,1.54463813,1.349167127,1.373475989,1.359761578,1.359761578
TTO,Trinidad and Tobago,Very High,LAC,57,13.90629555,13.80535236,15.44680407,14.00046317,13.62459184,13.12414288,16.51466464,16.31911151,15.65402098,17.77341046,19.09106477,20.89393787,22.38561618,25.12615314,25.25015057,29.26651868,32.56231378,34.57110736,33.54706138,33.47664146,35.35557435,34.93554003,33.87504192,33.41641409,34.01810848,32.92766403,29.07474085,28.86307592,29.12228216,28.94572153,25.37313646,25.37313646
TUN,Tunisia,High,AS,97,1.592490915,1.822966384,1.728725365,1.859109416,1.75929391,1.703695554,1.789175751,1.782541857,1.87263594,1.884696952,2.026255749,2.097794924,2.082684353,2.10408418,2.187786269,2.203354563,2.215599045,2.298392019,2.336488218,2.310678992,2.548244309,2.376306568,2.425177021,2.452699734,2.521286561,2.618240924,2.56616606,2.556666439,2.53889232,2.566158281,2.379863502,2.379863502
TUR,TÃ¼rkiye,Very High,ECA,48,2.809784028,2.880749459,2.940364005,3.018529877,2.908632247,3.093075087,3.357638509,3.511621371,3.45738497,3.336215832,3.633616304,3.325730494,3.392070844,3.578242394,3.648122776,3.8908292,4.096309878,4.494515581,4.392606249,4.421668734,4.346648584,4.62237578,4.737591769,4.546835685,4.683141063,4.855912006,5.026310923,5.243439524,5.093957393,4.786608448,4.657320907,4.657320907
TUV,Tuvalu,Medium,EAP,130,1.233254796,0.8118768,0.804214223,0.797041549,0.792044963,1.182189718,0.786013086,0.786013086,1.177882555,0.392039375,0.780072387,1.159004639,1.145477282,1.130166564,1.113790658,0.7328,1.086166008,1.075432932,1.065735893,1.054489639,1.043874644,1.033762814,1.023558991,1.012434374,0.667881881,0.660239661,0.652828508,0.644503078,0.636774418,0.648591791,0.641460312,0.641460312
TZA,Tanzania (United Republic of),Low,SSA,160,0.083808641,0.086553906,0.080767927,0.086993307,0.071653731,0.082090085,0.082993573,0.090546371,0.077712216,0.075233524,0.076772028,0.088431709,0.098644995,0.101470145,0.113224355,0.139387657,0.148675064,0.14035402,0.141322404,0.133974607,0.156194877,0.169715436,0.192589085,0.204372123,0.198164308,0.206644443,0.204962447,0.208683301,0.209378088,0.20761148,0.183121172,0.183121172
UGA,Uganda,Low,SSA,166,0.043841928,0.04343491,0.042980498,0.041586384,0.035778338,0.045337437,0.0484053,0.049036273,0.054228699,0.054665284,0.057542922,0.05810414,0.057463553,0.058224321,0.059933716,0.072888938,0.083418864,0.091906971,0.091338858,0.095501284,0.110077144,0.114231444,0.104951852,0.105184216,0.110797379,0.118392318,0.120817169,0.130530614,0.128680647,0.129226394,0.106954357,0.106954357
UKR,Ukraine,High,ECA,77,13.71526261,12.29150705,11.45675862,9.942306504,8.197156502,7.658852873,6.947518781,6.779461392,6.605062629,6.050145252,5.842516488,6.271669713,6.162427254,6.452324944,6.573044867,6.67760599,7.137714948,7.254484734,7.052465135,6.03193004,6.422032714,6.750413263,6.687589594,6.563687407,5.708265461,4.98250075,5.233429341,5.014531092,5.244136914,5.059351991,4.891161661,4.891161661
URY,Uruguay,Very High,LAC,58,1.275822847,1.445782748,1.630356219,1.396965458,1.259047136,1.413400383,1.664479776,1.686062228,1.713372589,2.020004764,1.586873173,1.512687067,1.3703383,1.362019311,1.675399732,1.723973396,1.98385097,1.785098457,2.455406394,2.372408555,1.874809297,2.271519715,2.542723755,2.210510695,1.965718514,1.971126102,1.904250687,1.793204469,1.905032492,1.901937006,1.681218748,1.681218748
USA,United States,Very High,,21,20.28180403,19.87091781,20.10766362,20.29553381,20.43471461,20.44586638,20.90886965,20.92815475,20.82690408,20.83901437,21.3357318,20.74742012,20.70030882,20.74366697,20.91297926,20.79544556,20.32404942,20.39531699,19.48715119,17.88466982,18.36755868,17.78067123,16.99984797,17.30166717,17.33061815,16.74083424,16.24694746,16.01967242,16.4339712,15.9719737,14.23786361,14.23786361
UZB,Uzbekistan,High,ECA,101,5.074714874,4.928002904,5.192219047,5.288506642,4.834304418,4.504566841,4.544441152,4.510465075,4.930056206,4.986849729,4.884708107,4.882254711,5.014261659,4.8908892,4.797917232,4.411121944,4.453237553,4.378403432,4.453573684,3.785855542,3.623801717,3.889448911,3.901303568,3.657319666,3.44940714,3.278808681,3.440288679,3.352750965,3.532803855,3.462494189,3.369793419,3.369793419
VCT,Saint Vincent and the Grenadines,High,LAC,89,0.749953481,0.781918052,0.780657712,0.949617247,1.118987904,1.187022724,1.221567756,1.222484823,1.495533437,1.530095213,1.35975655,1.664009787,1.728632617,1.826523642,2.025951047,2.024048465,1.990552747,2.160931827,2.028175251,2.571499811,2.030760704,1.995827025,2.12874072,2.023899394,2.322411148,2.148458973,2.209229026,1.968368434,2.194154848,2.134299071,1.882819542,1.882819542
VEN,Venezuela (Bolivarian Republic of),Medium,LAC,120,6.205117848,5.725039071,5.135637124,5.898410046,6.031847281,6.05880676,5.465036753,5.844828887,7.162481122,7.268907151,6.27757524,6.977672098,7.679022588,7.492967962,5.818766105,6.197799243,5.964955039,5.502284421,6.104039133,6.049475422,6.472731658,6.090617814,6.206376201,6.964998536,6.214705551,5.987807457,5.677379393,5.49394058,4.160217714,3.477903448,2.975442345,2.975442345
VNM,Viet Nam,High,EAP,115,0.313266017,0.307840404,0.302842068,0.316084407,0.355308449,0.383080008,0.449678786,0.577143071,0.599002429,0.593272389,0.658249641,0.738817856,0.840129983,0.924011784,1.056349868,1.129558562,1.165546765,1.174929531,1.314035427,1.417380963,1.575409806,1.701679438,1.587404707,1.64425166,1.842755524,2.082539807,2.058572525,2.063931951,2.341467869,2.69859441,2.612563309,2.612563309
VUT,Vanuatu,Medium,EAP,140,0.449960088,0.437591231,0.4014178,0.389923878,0.379506364,0.392202571,0.490746672,0.481771771,0.452887009,0.46491049,0.455593279,0.464731343,0.434570957,0.423564654,0.287193757,0.280119647,0.22219527,0.450754538,0.42395329,0.525131706,0.511872859,0.543574569,0.455232286,0.414051084,0.58316407,0.486482499,0.52656918,0.487653672,0.600895176,0.604504438,0.591056341,0.591056341
WSM,Samoa,High,EAP,111,0.540137467,0.580888675,0.597788386,0.613873946,0.564714809,0.667905489,0.727835714,0.724016087,0.826780993,0.780892696,0.819127105,0.877406039,0.913909312,0.887685651,0.923231984,0.937755596,0.952088724,0.986234248,0.87971931,0.913218752,0.985216377,1.016328033,0.9882119,1.018204889,1.048376608,1.1739263,1.224252705,1.256654654,1.214302831,1.245528851,1.238975072,1.238975072
YEM,Yemen,Low,AS,183,0.812997924,0.741936921,0.762195604,0.632635464,0.628216752,0.694151502,0.68046503,0.708320929,0.733390435,0.811056034,0.831486021,0.8938758,0.843345294,0.899731367,0.954294088,0.984433151,1.019202475,0.97352686,1.006082273,1.077052077,0.999816237,0.84805735,0.746462106,0.993207609,0.937739426,0.483295103,0.383790495,0.357501876,0.350321452,0.343612468,0.327509951,0.327509951
ZAF,South Africa,High,SSA,109,8.504575304,8.644702464,7.792787282,8.083799792,8.34790473,8.727727389,8.609474333,8.966789176,8.637678087,8.453836654,8.411700681,8.152431727,7.721567718,8.651114202,9.495948647,8.686703828,9.210715261,9.462593251,9.936672489,9.950260327,9.116705941,9.113745729,8.728294533,8.49115936,8.811716431,8.135061467,8.268787844,8.142443199,8.032053561,8.12733368,7.620419537,7.620419537
ZMB,Zambia,Medium,SSA,154,0.299508078,0.288820099,0.286901011,0.2848731,0.269827526,0.235505392,0.196793634,0.24527984,0.230933517,0.175296022,0.171285483,0.176352971,0.178723476,0.184280657,0.182163035,0.189140796,0.183274936,0.183500576,0.198699773,0.222494822,0.229332917,0.240487141,0.287988718,0.29586219,0.316666697,0.321045664,0.345837659,0.386694854,0.421462832,0.394557313,0.3575346,0.3575346
ZWE,Zimbabwe,Medium,SSA,146,1.490699043,1.451316099,1.533278009,1.446582394,1.544485472,1.317042912,1.291796177,1.193830867,1.202946573,1.330303122,1.163003556,1.049043125,0.995107196,0.885444972,0.784415061,0.885879494,0.852742189,0.802485525,0.623609148,0.437160852,0.620449824,0.755681454,0.601052981,0.886589461,0.876275613,0.884989383,0.765313377,0.673026099,0.821009943,0.747610114,0.708561788,0.708561788
,Very high human development,,,,11.51714104,11.35286373,11.02520715,10.95229765,10.84082722,10.85016314,11.06255216,10.95443126,10.82326618,10.85308393,11.11880354,11.04539813,11.06726897,11.24697029,11.36948506,11.35846094,11.36242705,11.3802331,11.14735906,10.46842102,10.81278508,10.64929837,10.56186851,10.49933807,10.38395826,10.31623939,10.14916686,10.10942336,10.13183103,9.858903664,9.017567843,9.017077984
,High human development,,,,2.493118595,2.506579032,2.514853579,2.563949745,2.593506591,2.688357027,2.740075458,2.75376986,2.679908899,2.673996841,2.709746167,2.753597162,2.883223455,3.21005882,3.510223195,3.779438551,4.041428968,4.255693775,4.469530329,4.583959029,4.880317855,5.255809655,5.344507601,5.364357275,5.375919188,5.268474817,5.191646923,5.260641144,5.370610491,5.460344542,5.390627834,5.382824817
,Medium human development,,,,0.72664481,0.733150093,0.7526989,0.773859713,0.800870704,0.830147111,0.850760395,0.872002831,0.895892316,0.933108088,0.923885847,0.939817783,0.954336334,0.969450613,0.996645162,1.024201159,1.042785326,1.069827644,1.141568546,1.209788477,1.252031767,1.305319526,1.397842779,1.437624203,1.494563216,1.531806943,1.59316138,1.616614423,1.666610832,1.676440318,1.545279037,1.543788105
,Low human development,,,,0.305190293,0.298934342,0.304825896,0.299371828,0.285488149,0.280190315,0.298886823,0.301082589,0.293619645,0.297568718,0.360511215,0.371621546,0.385092461,0.397302603,0.410313072,0.418799678,0.414690703,0.42154868,0.416610107,0.391627759,0.429869779,0.44503936,0.416479194,0.420078083,0.42997916,0.410100313,0.440760559,0.460435876,0.468359998,0.458998727,0.432280581,0.43088819
,Arab States,,,,3.004854069,3.308762332,3.532790827,3.811950586,3.800100825,3.543563914,3.446352694,3.309270725,3.38767031,3.3668237,3.73913738,3.65502395,3.645097528,3.830564618,4.076375426,4.183335249,4.274026354,4.112352227,4.416259198,4.5614755,4.70830339,4.638873329,4.85600119,4.642187325,4.855926626,4.966741505,4.877396375,4.831099146,4.618026993,4.612677646,4.341299185,4.294278161
,East Asia and the Pacific,,,,1.838168171,1.912917114,1.979744527,2.08921272,2.184504644,2.325181301,2.410523559,2.422974256,2.25576351,2.247768412,2.312688323,2.363848442,2.544305445,2.916084375,3.272707422,3.593963018,3.882410411,4.129666631,4.373682141,4.574823853,4.937067391,5.367571577,5.477298095,5.542557626,5.529827946,5.465487908,5.382540087,5.460194314,5.650539317,5.784743938,5.781421126,5.772865985
,Europe and Central Asia,,,,7.881364212,7.214329055,6.832903295,6.100367496,5.237055548,4.990106694,4.838831184,4.791712483,4.792009216,4.432504407,4.63051314,4.609041047,4.7183219,4.954929407,5.083265522,5.183821677,5.508592027,5.651197376,5.600604976,5.176367614,5.348338636,5.544778804,5.586801057,5.485902593,5.411762989,5.335794318,5.465763169,5.560855951,5.608151004,5.414787446,5.231701902,5.233624889
,Latin America and the Caribbean,,,,2.269181371,2.273636458,2.264497509,2.311171815,2.348712183,2.350794926,2.410690689,2.517978622,2.63064832,2.639533457,2.589842857,2.612569748,2.617529548,2.664502947,2.643748807,2.731004408,2.756364296,2.785824055,2.895616097,2.802203523,2.920951684,2.956296612,3.034835633,3.091743146,3.067060459,3.006003509,2.907513062,2.825851926,2.691327718,2.60704394,2.326692154,2.324879119
,South Asia,,,,0.734192316,0.765133332,0.78701924,0.797606611,0.838113868,0.864041495,0.90455898,0.90872409,0.933396924,1.023062139,1.023046594,1.036508585,1.044085487,1.063177607,1.116484319,1.15520078,1.216297139,1.273074914,1.333579591,1.422202231,1.450377482,1.49863981,1.598469312,1.621208354,1.710420469,1.742219503,1.81451754,1.879985792,1.946197779,1.959379265,1.84563454,1.843217249
,Sub-Saharan Africa,,,,0.937493308,0.942847826,0.873639208,0.890825553,0.876438126,0.90811083,0.899234037,0.914742512,0.871838716,0.852168749,0.897280677,0.880809988,0.855564772,0.907704784,0.969159169,0.908799683,0.922063331,0.923534244,0.938519644,0.899545682,0.895204552,0.91636967,0.872779327,0.862625237,0.890260139,0.828163549,0.830582769,0.803147963,0.799792148,0.788714851,0.726157708,0.719480459
,World,,,,4.156845498,4.094685127,3.995225917,3.976613557,3.940199534,3.962273312,4.016958225,3.97857416,3.901636135,3.896461912,3.957324615,3.941239235,3.978447905,4.127490431,4.256309398,4.342832074,4.426763401,4.499025152,4.528511129,4.413990972,4.596671743,4.692317127,4.708761307,4.694652922,4.674573724,4.611734863,4.553602378,4.560920959,4.601945061,4.560754064,4.297988368,4.274185198
