ISO3,Country,hdicode,region,hdi_rank_2021,gnipc_1990,gnipc_1991,gnipc_1992,gnipc_1993,gnipc_1994,gnipc_1995,gnipc_1996,gnipc_1997,gnipc_1998,gnipc_1999,gnipc_2000,gnipc_2001,gnipc_2002,gnipc_2003,gnipc_2004,gnipc_2005,gnipc_2006,gnipc_2007,gnipc_2008,gnipc_2009,gnipc_2010,gnipc_2011,gnipc_2012,gnipc_2013,gnipc_2014,gnipc_2015,gnipc_2016,gnipc_2017,gnipc_2018,gnipc_2019,gnipc_2020,gnipc_2021
AFG,Afghanistan,Low,SA,180,2684.550019,2276.289409,2059.868084,1525.533426,1087.96189,1339.087122,1332.30721,1230.26129,1149.90239,1071.800919,984.9974338,894.0245886,1267.628852,1401.324413,1384.695729,1435.19173,1518.767846,1811.166659,1753.066993,1884.200863,1938.315627,1999.653042,2125.862821,2193.553936,2178.507021,2101.589319,2077.566899,2085.487571,2054.939895,2097.88945,1997.852149,1824.190915
AGO,Angola,Medium,SSA,148,4845.706901,5405.349257,2073.90239,2034.215197,1557.198363,3411.90693,3372.994265,3980.79539,3902.583775,3524.189975,3690.604857,3900.710372,4659.954466,4684.384828,4929.945484,5390.699648,5672.126464,6359.181376,6490.787737,6999.175405,6911.740241,6885.53639,7280.845666,7478.104777,7704.231949,7652.656486,7189.426672,6861.575738,6381.521946,6082.746624,5593.14206,5465.617791
ALB,Albania,High,ECA,67,4742.215529,3358.087827,3080.746654,3538.885493,3940.312045,4583.051036,5044.975175,4496.163681,4952.596957,5595.612697,6065.195257,6645.348336,6920.555095,7341.564007,7756.648389,8197.993857,8814.501734,9399.46896,9962.442236,10153.09601,10643.05764,11056.64517,11146.26303,11552.98247,11691.64829,12016.2976,12484.6242,12802.14831,13302.70596,13485.31124,12996.76291,14131.11039
AND,Andorra,Very High,,40,43773.1465,43175.1476,41935.7872,40085.31589,39923.54588,40270.7679,41014.57879,44756.59597,46319.68664,48047.57776,47849.49243,50235.66715,50489.27491,52529.42795,54521.78059,55553.50369,56696.60874,56399.72175,52516.10603,49377.46694,48410.27165,48812.02903,47126.81461,46385.0952,48483.72032,49936.87454,52267.73832,52650.22576,53483.30663,54465.0474,47878.66664,51166.62661
ARE,United Arab Emirates,Very High,AS,26,102433.136,96250.29036,93043.47737,92505.3311,96784.42694,101303.2758,101490.2439,103567.0353,99915.7695,98569.19252,104640.2807,103519.0537,96736.92556,97761.53732,98236.07759,92443.55639,88502.51225,79459.26304,69814.63137,59017.26106,54911.24407,56152.06467,57445.95475,60005.69536,62573.50531,65577.51224,66881.32974,67667.50846,67195.09523,68590.90094,63016.40122,62573.59181
ARG,Argentina,Very High,LAC,47,13597.68636,14803.99888,15940.72602,17132.68448,17874.84399,17091.77126,17782.84547,18984.60422,19427.08332,18535.78094,18180.44981,17153.2977,14727.85071,16057.21074,16058.54354,17271.06449,20131.40256,21872.98639,22558.47112,20884.44997,22734.96712,23944.3551,23557.51314,23915.41972,23087.86964,23508.76738,22694.2851,22996.67142,21924.73119,21197.74104,19178.33184,20925.26814
ARM,Armenia,High,ECA,85,5210.201884,4633.9383,2741.695896,2560.861392,2752.65061,3097.536757,3334.672127,3596.499376,3778.688421,3923.756144,4178.388592,4602.441726,5264.791554,6031.859191,6753.741256,7747.421747,8881.593116,10262.08008,11125.75363,9428.797679,9745.427269,10072.89566,10830.55372,11351.53875,11518.60475,11774.34934,11570.46772,12541.16263,12933.83405,13847.90825,12454.14508,13157.9939
ATG,Antigua and Barbuda,High,LAC,71,13560.30944,14154.41386,14185.23142,14895.35744,15516.76116,14501.13254,15209.58976,15843.65803,16310.15498,16557.38996,16065.83719,15678.54545,15586.60406,16396.23817,16972.51905,18213.73908,20253.5277,21792.18713,21504.71644,18698.75383,17233.05965,16539.63424,16745.79664,16722.97555,17119.31079,17679.66135,18421.76805,18775.95101,19857.12506,20600.95888,16265.29515,16792.36595
AUS,Australia,Very High,,5,29069.15488,28846.41579,30007.87767,30994.67247,31444.1912,32280.32494,33260.0375,34482.04196,35853.05196,36955.25519,37296.64145,38413.32271,39098.35275,40207.44158,40599.52063,41039.08996,41648.29006,42531.66846,42767.77538,42644.38741,42840.45928,44205.31566,44878.41764,45260.60917,45851.64201,46307.57617,46558.17827,47085.22714,47487.64407,47312.192,47078.24446,49238.43335
AUT,Austria,Very High,,25,38902.26267,39777.96789,40438.79593,40348.79883,40981.36293,41623.42655,42493.16783,43139.89851,44553.74381,45450.38304,47031.30264,47170.8938,48192.81367,48499.13214,49555.32049,50119.4083,51755.56802,53226.17902,54019.90627,51759.08206,52538.42144,53124.04133,52887.1943,52625.83517,52720.29769,52450.23877,53662.57417,53665.02668,54587.74445,55323.03915,51574.18306,53618.67138
AZE,Azerbaijan,High,ECA,91,7664.923538,7492.116393,5710.440705,4329.430055,3432.851857,2984.995309,2987.724673,3135.094917,3439.324499,3800.755097,3950.606449,4269.774168,4600.462762,5000.826699,5269.435457,6282.770808,8305.227742,9998.115702,11490.25501,12823.27086,13476.36462,12980.47536,13262.756,13958.10444,14481.31337,14405.94934,13401.18041,13587.53119,13502.96367,13838.46183,13567.9371,14256.74456
BDI,Burundi,Low,SSA,187,1124.247756,1169.362419,1161.764398,1061.41947,1009.199532,924.4378387,831.6358509,828.9864418,862.6893416,838.8970676,840.888229,815.3949158,826.9496615,787.9544301,794.6123457,786.2207272,809.5529235,812.5069795,825.7337431,823.7437753,841.7400149,846.0294333,860.4779094,878.1187171,884.172209,824.8696219,794.5204667,772.4022889,763.4331718,753.9089436,735.7371044,731.7867086
BEL,Belgium,Very High,,13,37310.42543,38013.54744,38437.90313,38288.6253,39684.17044,40409.00945,40705.62742,42112.15687,42943.50772,44046.86365,45184.55302,45220.35759,45852.84486,46045.2601,46978.0485,47530.82806,48260.64006,49710.56168,49018.84914,48339.3418,48513.05855,47497.60421,48583.46685,48783.26894,49281.30405,50027.9913,50509.14666,50904.68909,51249.2268,52434.09838,49391.99684,52293.39977
BEN,Benin,Low,SSA,166,2133.210151,2158.402859,2103.089444,2189.507042,2150.324695,2209.397795,2234.511198,2306.682939,2345.937443,2404.362657,2469.91732,2523.018686,2554.028995,2561.774921,2598.742731,2574.887284,2595.968923,2669.77976,2735.152274,2715.078222,2689.895595,2704.030136,2743.557061,2861.120591,2962.296501,2922.065347,2935.45155,3010.902854,3128.748762,3254.245627,3288.470605,3408.965923
BFA,Burkina Faso,Low,SSA,184,1015.912861,1078.192223,1051.290435,1056.124309,1039.992607,1073.016505,1166.480628,1202.001152,1254.044387,1311.992586,1296.385096,1339.997871,1351.374493,1412.458571,1437.419425,1513.509675,1571.988433,1587.915108,1628.534648,1613.597246,1667.904627,1705.359774,1788.801284,1834.881492,1827.353699,1839.270697,1893.155373,1967.634052,2050.921164,2055.318806,2038.513202,2117.915916
BGD,Bangladesh,Medium,SA,129,1554.41105,1571.95081,1624.95314,1669.134671,1704.703214,1752.201722,1784.552632,1828.576381,1883.766462,1935.796364,2002.466767,2060.796157,2119.639046,2182.321491,2267.950353,2383.031073,2538.234965,2702.966271,2862.599524,2979.60677,3116.663201,3273.90474,3462.220186,3614.372724,3742.516573,3936.276588,4142.902911,4339.489843,4642.820099,4964.471473,5108.160545,5472.104781
BGR,Bulgaria,High,,68,11851.63683,10800.27353,10936.07291,10854.43523,11071.07509,11353.81814,11912.13146,10332.50584,10910.83622,10095.10712,10504.18168,11391.04589,12537.37885,13246.32385,14159.0894,15148.39757,15883.00705,16242.10842,17810.91699,17596.3557,18187.954,18481.03764,19080.57753,18915.57655,19464.43982,19798.96986,20532.41676,20986.65463,21585.23735,22731.96643,22020.49393,23078.95595
BHR,Bahrain,Very High,AS,35,40832.91015,40541.1388,44961.34704,47336.6795,44942.11993,46012.82465,46524.2326,44964.46175,46148.77687,46540.36999,48245.60973,46688.04118,45252.0311,45686.40899,45911.57734,46319.98102,45894.28762,46240.60324,44570.19075,40302.74097,40338.60774,37755.99605,43372.15056,44935.818,45615.58247,45441.14762,45331.79071,45033.83054,43818.92053,42664.29218,39030.38571,39497.24788
BHS,Bahamas,Very High,LAC,55,36393.867,34188.60611,33169.54419,32220.53644,32643.14922,38786.12237,42678.66489,36785.57838,34590.18534,38865.67228,39901.26785,40073.99923,40554.62262,39519.27671,39247.84764,39692.55098,39840.39471,39614.97103,38684.88747,36134.3892,35920.83007,35756.02322,36161.31277,34438.39196,34482.273,34554.60314,34055.54939,34332.57146,34103.97568,34676.98987,29190.8387,30486.18429
BIH,Bosnia and Herzegovina,High,ECA,74,,,,,,2206.329772,3659.219725,5134.227243,7641.901557,8062.069255,8294.651049,8400.514285,8712.116745,8953.121081,9409.580826,9715.09198,10148.07381,10747.7794,11436.10705,11165.23084,11116.65297,11267.26683,11345.89492,11878.91698,12166.00844,12719.39655,13215.3302,13638.41935,14303.17629,14849.1165,14381.63676,15241.91465
BLR,Belarus,Very High,ECA,60,8894.805389,8784.014627,7923.32316,7305.005247,6434.308831,5787.360166,5979.614061,6672.30761,7264.557288,7558.437734,8028.452223,8453.031345,8938.620442,9665.460132,10839.19248,11924.92172,13185.10539,14317.12858,15829.20304,15795.33242,17009.02011,17880.6942,18187.94372,18128.3195,18522.02546,17544.19914,17070.03342,17666.60161,18282.24546,18702.53072,18307.70473,18848.96704
BLZ,Belize,Medium,LAC,123,4743.719883,5186.014425,5673.896736,5904.410378,5722.466023,5653.391991,5530.133994,5560.387565,5485.373795,5709.69359,6172.05154,6175.395903,6314.851064,6622.584104,6631.299416,6639.189164,6783.15037,6482.838471,6581.705358,6801.750993,6626.182113,6807.410431,6727.632762,6677.827034,6746.986802,6960.046024,6766.32689,6709.03456,6699.038968,6676.34074,5897.150457,6309.099778
BOL,Bolivia (Plurinational State of),Medium,LAC,118,4352.021297,4514.77491,4546.299023,4640.757945,4782.391567,4901.615566,5023.763057,5183.911654,5367.560988,5262.26532,5275.462989,5267.650673,5296.847675,5275.975292,5355.225273,5518.227019,5702.749959,5847.291121,6132.917282,6198.642658,6292.090086,6535.789314,6608.287066,6937.038027,7313.415069,7718.194007,8056.443085,8174.492977,8443.883853,8542.603358,7756.177294,8111.190194
BRA,Brazil,High,LAC,87,10253.78902,10211.33142,10017.57126,10283.33104,10554.70878,11087.6094,11019.85187,11160.76534,10889.91945,10697.77103,11279.41358,11240.23556,11415.26383,11423.91049,11962.88351,12212.20034,12605.81821,13284.63248,13778.06542,13653.35701,14414.12776,14925.8874,15088.3882,15584.11902,15454.76924,14780.05656,14143.48937,14253.07502,14258.48421,14367.23924,13790.71143,14369.88848
BRB,Barbados,High,LAC,70,13594.20455,13051.74314,12132.63022,12095.37287,12510.72268,12653.23493,13085.07863,13722.68148,13228.00828,13195.82529,14618.5984,14156.50351,14165.7625,14481.64926,14575.59807,15061.56405,15600.36919,16222.2906,16072.74215,15335.66542,15208.6166,14444.82048,14760.85576,14453.26863,14407.77446,14687.44585,15022.36929,15079.36912,14963.39,14919.56235,12167.22012,12306.341
BRN,Brunei Darussalam,Very High,EAP,51,71470.70351,71643.86864,72948.56166,71145.64019,71414.06748,72688.87079,72937.95042,70173.57333,68213.20878,68769.74397,69253.41325,69715.97775,71007.97255,71721.93127,70852.47614,70020.91017,72083.47726,71648.00123,69405.81476,67384.0493,67481.43261,67386.7062,67317.78769,66079.80508,64338.12601,66409.2109,65044.6337,64617.63812,60975.67907,63963.47538,65077.71446,64489.53954
BTN,Bhutan,Medium,SA,127,2698.831813,2599.593118,2642.240219,2750.995332,2971.598089,2998.696994,3170.395202,3366.972156,3246.069155,3323.926386,4053.328053,4302.664419,4609.162319,4839.079151,5038.851741,5371.981959,5734.069908,6647.361095,6796.288288,7085.237559,7718.040284,8178.915986,8355.435085,8517.974126,8895.679604,9370.597632,9850.590693,10174.70961,10329.65877,10791.66865,9898.25027,9437.541512
BWA,Botswana,Medium,SSA,117,8240.459233,8911.463617,8996.807332,9248.497868,8475.365266,9189.493405,9111.306608,9851.078898,10123.28633,10202.43727,10064.83799,10241.81899,9753.010953,10365.39527,10337.11963,10776.31728,11501.98728,12301.25885,12863.84465,12064.50597,12580.34149,13459.90702,13995.38295,15007.46945,16148.37428,15177.91893,15856.54951,16144.88027,16285.69632,16308.08799,14696.02701,16198.31841
CAF,Central African Republic,Low,SSA,188,1300.800927,1288.378061,1237.469001,1193.532726,1207.605919,1242.401463,1116.526505,1160.333861,1181.061174,1236.152293,1223.767101,1211.684513,1177.813844,1079.487434,1077.583642,1087.79872,1070.650487,1100.152165,1143.959423,1168.897638,1218.180339,1259.221163,1317.845192,839.1221207,837.6309621,869.8259183,903.077833,959.3100891,1001.711793,1017.123239,974.4816457,966.0586107
CAN,Canada,Very High,,15,32265.05693,31151.3392,30860.22694,31256.54129,32194.40915,33083.65555,33501.50766,34544.13417,34953.18758,36659.40381,39187.81706,39215.06519,39652.78959,40744.97969,42348.34631,43853.09064,44888.05769,45839.73439,46460.70616,43109.91336,44528.55397,45969.25364,46117.10158,46909.89758,47500.43097,46417.51312,46340.41847,47702.63749,48156,48464.81227,45038.07302,46807.98619
CHE,Switzerland,Very High,,1,59117.40335,58052.23823,57232.92927,56785.73518,56462.67389,56748.24492,56773.48529,58380.08119,60456.57376,61773.29227,63978.24712,62986.74797,62426.86749,64688.8021,65556.80687,67985.55126,69488.94513,66954.0509,63027.03651,66727.65547,71188.41857,68805.06719,69805.01371,69539.14942,69019.26094,70410.26815,68993.42475,68167.80327,67771.6548,68432.68312,65011.21711,66933.00454
CHL,Chile,Very High,LAC,42,9441.116542,10021.48402,11052.43606,11662.75178,11939.25855,12867.24646,13623.26803,14454.45044,14996.25315,14667.5739,15184.59631,15543.3396,15777.36163,15913.68731,16471.77444,17110.97596,17183.47403,17994.32625,19316.13231,18935.55085,19744.92469,20732.94409,22097.83875,22815.82741,23261.50787,23730.28359,23781.35546,23458.6445,23908.86388,24077.24668,22285.86026,24563.24486
CHN,China,High,EAP,79,1468.498847,1581.297549,1777.646915,1981.356506,2198.045201,2361.387591,2571.202378,2786.751013,2964.657096,3171.528613,3416.481546,3666.403575,3988.393847,4376.641739,4805.650987,5299.359629,5969.088313,6810.158702,7457.824155,8056.029016,8846.375847,9589.872363,10346.76891,11012.37325,11866.35433,12552.18518,13332.38637,14224.86876,15067.74081,15933.50035,16201.35297,17504.39969
CIV,CÃ´te d'Ivoire,Medium,SSA,159,2811.295935,2680.047088,2616.359432,2555.206638,2570.104758,2673.78231,2721.200339,2885.574989,2949.011301,2855.935824,2789.544485,2739.914262,2638.712192,2569.69097,2557.54835,2547.485293,2529.149232,2518.41373,2531.950678,2598.383885,2702.006924,2505.976647,2667.825058,2843.258121,4150.413316,4322.056408,4512.459543,4686.900473,4839.893305,5074.644595,5026.387169,5217.448516
CMR,Cameroon,Medium,SSA,151,3262.451152,2988.267429,2843.474659,2552.668611,2511.078298,2509.839046,2544.393308,2583.893283,2665.582055,2723.172093,2703.217548,2729.325528,2805.071743,2940.1538,3097.533124,3069.366733,3140.019847,3160.077736,3180.47495,3207.31946,3193.326015,3211.002,3252.776182,3310.463486,3443.009493,3522.297048,3574.466975,3597.973425,3642.735667,3661.937532,3586.252712,3620.932408
COD,Congo (Democratic Republic of the),Low,SSA,179,1693.088418,1495.463703,1283.041894,1098.405542,954.1702566,910.5617749,948.6950212,868.9459518,840.0939644,758.1630176,739.7183168,682.7687376,694.6491382,716.6075257,737.6148018,748.526471,771.2121592,787.4530548,787.4567239,803.1350885,829.903219,847.5357676,870.2847181,875.3660951,931.7848699,982.6495957,1034.917766,1029.883308,1057.24868,1064.472827,1050.778706,1076.098781
COG,Congo,Medium,SSA,153,4373.460798,4406.928262,4511.057681,4132.073586,3903.762345,3170.192248,3194.827434,3480.138823,3803.438416,3177.952241,2976.653758,3230.945263,3290.455602,3191.787052,3047.117273,3434.684511,4019.713418,3633.151826,3798.545614,4439.713963,4636.256784,4475.862804,5053.148534,5077.679948,5507.312883,5080.41431,4304.605561,3639.791356,3264.475827,2974.265175,2966.269817,2889.283521
COL,Colombia,High,LAC,88,7932.945509,7978.104071,8174.492145,8526.156226,8940.705583,9243.606085,9230.173967,9376.680714,9318.106668,8792.958415,8857.491795,8842.336134,8907.760604,9056.6122,9396.847131,9810.986659,10322.92873,10836.54977,11003.14824,11049.10671,11347.09702,11930.28232,12344.80859,12902.5132,13432.16118,13901.52184,14044.84239,13912.22581,13941.33097,14240.59041,13184.95894,14384.35666
COM,Comoros,Medium,SSA,156,3055.134915,2807.815268,2987.990558,2976.93156,2733.400249,2757.075455,2643.4974,2676.236203,2635.651969,2621.912973,2835.226352,2833.279609,2819.701219,2809.279741,2793.377201,2807.43761,2815.050757,2781.470119,2813.153019,2835.601604,2874.53591,2921.369471,2940.241995,3004.90976,2999.136448,2970.772257,3003.504354,3049.006179,3062.31206,3099.801214,3156.041454,3142.064119
CPV,Cabo Verde,Medium,SSA,128,2847.479104,2808.119044,2815.657419,2931.845556,3040.184083,3170.182181,3291.809786,3471.863004,3676.427075,4017.012843,4183.43316,4432.068168,4529.796578,4696.459281,4816.726948,4982.602145,5382.716558,5895.209969,6177.304139,6028.950962,5928.474752,6119.907189,6087.399757,6106.201391,5970.961186,6035.221038,6250.87307,6413.999141,6701.611822,7017.10024,5897.676779,6230.200199
CRI,Costa Rica,Very High,LAC,58,9497.759187,9651.643494,10292.10424,10757.17708,11100.54365,11231.14695,11160.64884,11489.22546,11911.83567,11947.69719,12062.54245,12260.63178,12476.34459,12814.32252,13244.914,13647.15678,14575.16346,15613.4116,16242.12399,15661.61363,16318.32297,16811.46478,17457.3481,17594.06705,17919.03127,18327.60822,18902.33613,19283.51036,19562.35999,19684.85681,18753.91088,19974.27358
CUB,Cuba,High,LAC,83,5270.81556,4686.090473,4135.772262,3500.641719,3508.315058,3554.707498,3825.443167,3916.321718,3911.467378,4133.423944,4351.611279,4495.398917,4548.737109,4706.492493,4961.62689,5524.000434,6210.383745,6635.849547,6910.944542,6952.556565,7150.053355,7394.688924,7617.849884,7822.470876,7878.597597,8217.14833,8241.72571,8388.369,8573.741653,8748.733509,7809.171181,7878.847482
CYP,Cyprus,Very High,,29,25084.19268,24640.40307,26215.73262,25800.59511,26731.88149,27215.2925,27179.62974,27320.8453,31186.33597,29629.88495,30130.96033,31445.64494,32968.1778,33777.23402,34414.63552,35764.9257,36709.9118,37411.12839,39755.01226,38446.04876,37768.06792,38482.67954,35413.63337,33007.80248,32270.91228,34243.04912,35044.10672,37163.37655,38543.68022,39568.03192,36519.29668,38188.42152
CZE,Czechia,Very High,,32,22486.80598,19864.26332,19751.08901,19892.24668,20466.80234,21614.32465,22835.26588,22811.20665,23308.0811,23526.57591,24150.30243,25150.54009,25882.91151,26926.83301,27986.72327,29410.2889,30366.83164,32009.06748,32404.22888,30787.99206,30855.38786,30812.07437,30967.18755,31223.31804,32119.85559,33841.91996,34856.11653,36626.68558,37668.16678,38505.63917,37551.07049,38745.21386
DEU,Germany,Very High,,9,36587.31592,37705.49942,38540.84607,38069.03107,38764.17249,39440.76337,39671.02375,40085.22474,40941.19258,41707.45913,42394.86412,42973.74653,42877.62022,42784.99946,43999.04832,44193.77053,46045.61338,47424.29974,47413.82063,46040.43366,47554.22563,50108.04686,50123.5299,50314.54101,51268.8727,52200.62642,53349.82314,54335.96281,54981.27749,55564.96736,53077.54364,54534.21682
DJI,Djibouti,Low,AS,171,1918.598699,1817.869917,1876.633523,1969.164335,1879.908857,1968.301198,1823.532233,1857.228252,1800.507591,1850.682006,1834.339348,1822.11807,1859.707299,1996.972342,2061.305418,2097.574162,2329.191906,2411.423737,2496.956924,2803.308019,3084.829457,3423.743208,3807.416605,3984.464639,4205.491821,4453.630735,4561.666499,4660.30902,4981.659056,4916.643954,4901.144274,5024.993944
DMA,Dominica,High,LAC,102,8659.548361,8532.133123,8650.469562,8755.249351,8165.658711,8268.568307,8417.721178,8747.436009,9186.386446,8926.625756,8853.514443,9288.801447,8905.835,9489.095199,9611.612747,9765.248771,10657.23036,11226.64924,12103.08802,12108.08812,12295.14706,12236.06264,12114.5372,11997.30479,12533.22462,11929.38956,12361.6883,11060.97853,12211.41123,12694.12057,11133.41849,11487.62422
DNK,Denmark,Very High,,6,36106.21677,36333.6256,37408.0159,37441.46318,39298.87086,40527.83666,41577.80365,42849.76659,43710.75025,44915.59178,46139.8559,46682.5017,46964.49154,47246.86269,49044.98698,50870.24906,52740.8252,52452.14616,52701.39845,49626.18855,51409.125,51652.6725,51814.35144,52812.58307,53998.28993,54690.48924,55471.41408,56568.41589,57549.14584,58650.26154,58143.77306,60364.78595
DOM,Dominican Republic,High,LAC,80,5941.065938,5917.782034,6453.482482,6690.139357,6784.885218,7048.243521,7397.389439,7919.734845,8299.853678,8632.926096,8917.383134,8998.862406,9273.289374,8803.884372,8739.67852,9742.487438,10546.32662,11175.89734,11557.87602,11518.0918,12327.3468,12529.5448,12707.22497,13067.09635,13814.06229,14694.1036,15462.20861,15941.67145,16958.43305,17572.69314,16164.89952,17989.60037
DZA,Algeria,High,AS,91,8512.436516,8094.818491,8123.264461,7837.072107,7576.303703,7662.601491,7826.571624,7830.179146,8142.569213,8252.437526,8392.02018,8655.406542,8959.828434,9488.768809,9719.483869,10049.69754,10137.74673,10563.37199,10694.43513,10666.52497,10918.46514,10945.42525,11066.79725,11077.58045,11242.29072,11421.66895,11707.07707,11562.26587,11344.17458,11241.86472,10530.29914,10800.22546
ECU,Ecuador,High,LAC,95,7642.568196,7900.167909,7992.61883,8054.395535,8244.368422,8277.378363,8216.919279,8426.618844,8489.529609,7743.162499,7662.708399,7967.029533,8191.207779,8250.353256,8747.668,9107.982948,9385.692493,9414.638342,10007.24798,9944.187625,10194.3705,10814.2554,11255.83603,11633.97078,11887.546,11685.75729,11334.76401,11346.37257,11242.31215,11034.20422,10031.66906,10311.63273
EGY,Egypt,High,AS,97,5930.181584,6057.706852,6186.818204,6234.452425,6348.930058,6520.383927,6716.140759,6943.988418,7210.002975,7464.909404,7781.349908,7956.988192,7914.592709,7996.626524,8162.00652,8372.627871,8859.168738,9360.118933,9845.396806,10039.03033,10135.98601,10031.42871,10055.57658,10016.17801,10099.75288,10382.27283,10646.46932,10801.02662,11079.03334,11335.87708,11581.07981,11731.69056
ERI,Eritrea,Low,SSA,176,876.2774342,975.85779,1090.351108,1241.240924,1414.426118,1743.149377,1747.274289,1920.516141,2083.214946,2101.157487,2037.912339,1717.670154,1778.608449,1742.772915,1617.967545,1587.75206,1525.17679,1509.082026,1185.857064,1305.673707,1419.075943,1761.437803,1774.709504,1573.960206,2042.185269,1605.846784,1707.304054,1519.965541,1698.200078,1740.988576,1706.02641,1728.742667
ESP,Spain,Very High,,27,26586.92295,27389.70698,27598.65085,27210.49062,27291.10724,28369.9087,28953.25213,29978.92556,31386.59797,32774.80357,34019.57287,35079.38017,35942.07889,36636.38435,37084.7127,37716.50403,38471.31913,39006.60339,38414.47578,37392.93155,37173.6819,36262.31549,35416.02265,35204.72455,35796.00345,37383.58643,38616.27705,39543.65687,40234.64314,40725.59088,36515.96007,38353.60164
EST,Estonia,Very High,,31,14002.39524,13019.00531,10715.52519,9873.967388,9941.125851,10714.38942,11358.34839,12546.47645,13308.77234,13232.41404,14343.06663,15348.37013,16735.13159,18328.27247,19903.35156,22401.96281,24970.23614,27118.50402,26732.76546,23779.67758,23797.52137,25900.41923,27110.35149,28361.78899,29532.96608,30361.38783,31594.42466,33040.70655,34552.40442,35879.58776,35131.82128,38048.26372
ETH,Ethiopia,Low,SSA,175,762.7729166,683.3588842,599.818088,651.5432319,650.7207585,671.4044156,741.3993458,741.0600074,690.4132426,705.3551163,725.5751661,762.6794716,753.0997134,716.1089839,790.068285,863.3035094,929.7011055,1009.775687,1088.185603,1149.158272,1256.754166,1358.033249,1434.245449,1541.762481,1652.126111,1771.947958,1888.608252,2009.557746,2093.520321,2204.805408,2279.637186,2361.069604
FIN,Finland,Very High,,11,34652.00906,32163.27132,30575.1739,29991.06614,31434.50915,33090.51654,34001.27012,36444.33346,38587.42336,40255.56333,42005.37419,43299.22704,43781.2127,43648.97069,45477.02184,45949.01811,47282.47742,49146.72006,48714.47858,45128.28495,46138.47385,46338.34586,45340.26397,44871.50214,45016.4823,45628.12268,46502.46698,47593.88701,48369.87096,48901.80936,47946.32854,49452.16672
FJI,Fiji,High,EAP,99,8473.928246,8462.841698,8379.900569,8294.048161,8471.08617,8818.262502,9150.872522,8815.425886,8698.71527,9394.94336,9601.003577,10208.9463,10459.30106,10676.60125,11479.65509,10408.11395,10362.86794,10253.04545,10272.90259,10244.2737,10190.36561,10425.71399,10486.08722,11174.36971,11465.92201,11790.47851,12105.32007,12367.93824,12916.60463,12526.24293,10452.22264,9980.110866
FRA,France,Very High,,28,33964.23084,34031.95186,34485.28355,34232.17801,34801.77278,35317.92612,35786.41186,36621.91485,37927.29301,39296.61782,40105.28572,40712.07336,40731.98644,40867.81425,41636.07419,41993.32952,42662.02398,43565.31439,43428.98144,42321.56699,42771.58715,43324.1221,43009.1157,43213.27903,43562.21508,44323.97472,44814.41572,45584.57087,46162.6579,46963.19576,43047.83087,45937.05273
FSM,Micronesia (Federated States of),Medium,EAP,134,3403.066742,3564.224037,3611.756334,3811.234761,3714.745324,3919.678535,3767.750751,3534.103801,3643.813025,3708.873621,3901.334129,3994.639735,4021.8568,4089.861687,3974.222704,4074.055525,4100.151841,4060.781798,3997.154642,4063.529719,4157.561384,4268.065578,4145.985992,3940.037944,3794.663738,3917.472512,3905.073744,3964.990171,3931.792925,3937.054173,3826.862912,3696.173945
GAB,Gabon,High,SSA,112,16797.8789,17391.74323,16035.15755,16055.79693,16581.94423,16747.89198,16872.74997,17270.41821,18104.29599,15754.21381,13984.59727,14764.01959,14911.80771,14630.97646,13487.75028,14167.18205,12684.60798,12761.80426,11746.06418,12315.62191,12107.36342,11980.61836,13013.32314,13459.73799,14661.96273,14167.7361,14170.45668,14058.19505,13359.91549,13061.89403,13414.57302,13366.93455
GBR,United Kingdom,Very High,,18,30951.71296,30605.64788,31001.96039,31663.94445,33332.3481,31384.66716,31969.15701,34071.49387,35707.68553,36363.83257,37777.78716,38719.04616,39849.42208,41064.69224,41786.38488,42785.2434,43021.0528,43316.41229,42389.3105,40680.05753,41666.51526,41872.23405,41700.4797,42026.76323,43236.64235,44136.35045,44729.56153,45771.00186,46225.87833,47251.76897,42374.7622,45224.76564
GEO,Georgia,Very High,ECA,63,10663.57705,8447.653745,5057.072623,3369.207899,3108.91041,3221.36709,3673.312951,4431.338006,4778.907426,5041.403463,5177.917047,5359.042381,5701.791828,6349.272137,6808.534925,7462.036105,8269.276483,9188.958856,9302.195863,9036.256313,9581.980186,10268.19764,11196.55969,11544.51495,12111.97028,12334.6582,12382.40144,12924.2182,13697.40109,14314.32324,13329.53028,14664.16825
GHA,Ghana,Medium,SSA,133,2366.337969,2422.708492,2449.04456,2486.908352,2493.700913,2526.034238,2575.866455,2617.059824,2670.603801,2718.790179,2741.245044,2822.713438,2884.582198,2959.680415,3039.419284,3180.035017,3260.440634,3316.812651,3534.016583,3614.713207,3757.458926,4120.795406,4303.46166,4623.712983,4537.170026,4637.531298,4642.154745,4863.976199,5071.995858,5307.445765,5601.428197,5744.504017
GIN,Guinea,Low,SSA,182,1403.242987,1399.276669,1424.105518,1483.386551,1508.464125,1537.814313,1573.195988,1601.432364,1625.763797,1676.224533,1682.898964,1697.464723,1786.187381,1813.181261,1811.611478,1826.416143,1760.550225,1839.301032,1866.20868,1784.393267,1850.039797,1894.945895,1969.292299,1933.790491,1993.622758,2053.403321,2213.959111,2405.948119,2409.63997,2437.027146,2440.015962,2480.887182
GMB,Gambia,Low,SSA,174,2225.30222,2216.34454,2218.053517,2188.429762,2126.994089,2090.242407,2113.776048,2036.045413,2045.200665,2106.813579,2160.090431,2198.17511,2112.848015,2116.379005,2298.500371,2174.703256,2091.956395,2098.034103,2173.326311,2244.085241,2307.327416,2046.164707,2092.378476,2086.160286,1992.159137,2009.001962,1997.610808,2033.671644,2120.010674,2187.374229,2118.782628,2172.207664
GNB,Guinea-Bissau,Low,SSA,177,1692.466553,1664.252165,1688.978553,1680.351874,1701.613348,1712.790366,1745.878372,1842.475209,1480.393234,1651.898817,1667.731423,1652.037196,1631.682203,1601.846567,1614.032578,1644.346328,1659.457793,1679.535894,1672.09885,1692.404521,1738.971444,1850.401518,1769.702341,1736.28375,1803.191952,1847.650997,1916.35772,1929.166846,1830.731741,1980.343423,1879.724283,1908.24159
GNQ,Equatorial Guinea,Medium,SSA,145,3565.044156,3549.052859,3420.464139,3715.692003,3660.672098,3999.707401,4899.187314,8786.871458,10524.1856,13571.35657,10380.30292,12198.86091,15210.36391,14435.37642,16046.97793,19244.97593,24395.13773,27401.83123,26794.77059,26908.40292,19742.20078,20366.20055,21808.4842,21134.33022,20704.00467,21324.1916,19423.11989,16604.26721,15187.91496,13447.13572,12925.87114,12073.95993
GRC,Greece,Very High,,33,24528.83261,25174.74986,25173.1825,24423.52532,24660.63167,24930.50637,25162.90375,25963.03183,26691.18888,26931.16778,28360.54842,29416.54118,30202.22156,31764.3232,33027.56012,33703.24653,35015.78853,35883.04843,35400.57145,34125.0631,32426.75908,28849.61236,27795.0881,27200.16825,27850.41613,28208.72,28194.52399,28461.45581,28566.21672,29102.85675,26680.88796,29002.48545
GRD,Grenada,High,LAC,68,8146.417016,8494.559802,8456.85149,8060.280186,8190.693035,8183.305168,8462.4886,8826.030278,9727.916118,10330.65765,10675.43562,10253.07688,10468.69717,11452.12124,11050.78558,13433.94524,12855.43863,13427.23027,13555.53855,12214.12381,12502.10947,12675.81463,12426.59763,12734.95982,12844.95119,13219.27937,13914.87047,14465.19775,14975.50952,14983.78605,12840.52175,13483.5774
GTM,Guatemala,Medium,LAC,135,5418.05672,5550.418019,5654.359661,5746.26574,5832.859263,5967.310536,5974.445322,6096.628649,6277.400761,6354.995065,6429.056878,6466.899759,6489.62095,6518.684376,6565.087753,6637.018544,6819.812353,7094.537826,7251.743179,7124.626047,7154.329348,7297.912703,7437.35323,7557.667802,7734.793394,7932.534306,8028.858895,8147.871684,8289.389866,8494.49306,8241.444361,8723.285317
GUY,Guyana,High,LAC,108,2049.159711,1821.360115,2246.622794,2734.555406,3131.353857,3330.745028,3864.139763,4012.612071,4052.94473,4102.801767,4151.402418,4564.201948,4987.266603,5458.352277,6225.135326,6726.510578,7629.170601,8257.19914,8508.905182,8799.797611,9271.363136,9630.015485,10125.12291,10345.83647,11062.1673,10987.05531,11727.25724,11976.38567,12575.03496,13600.32652,18788.01779,22464.65734
HKG,"Hong Kong, China (SAR)",Very High,,4,27558.87774,28616.7525,30020.79536,32847.8129,34298.86193,34853.65562,35125.66311,36533.31084,34444.54001,34763.9644,36507.37075,36932.28811,36731.6446,38444.16282,41486.85698,43693.74717,47392.02745,50586.26831,52685.52983,49679.91377,52272.87898,54802.55324,54722.85329,56334.58765,57612.88188,58445.62821,59624.80273,62449.73774,63907.66372,62717.72811,58643.85895,62606.8454
HND,Honduras,Medium,LAC,137,3769.440986,3517.44538,3602.795533,3809.280026,3702.407233,3812.828005,3778.44985,3891.461586,3933.394637,3825.036517,3970.607254,3961.170386,3989.187498,4042.116288,4164.535959,4333.784928,4505.965646,4754.557467,4867.221752,4688.06038,4647.567903,4697.331439,4729.263681,4777.746731,4783.560934,4927.099416,5020.829616,5221.810955,5248.923663,5316.509508,4792.024122,5297.955301
HRV,Croatia,Very High,,40,,,,,,15115.84007,16210.57816,17328.05454,17628.52739,17319.80033,18044.47596,19278.5811,20441.25459,21217.23665,22438.17827,23222.27536,24318.48786,25583.76716,25822.04525,23844.58839,23678.44612,23773.74945,23275.98481,23583.58042,23578.51131,24734.00015,25176.61379,26760.92548,27784.40613,28898.00521,27185.25054,30132.28814
HTI,Haiti,Low,LAC,163,3527.984246,3525.466534,3273.608006,3036.434252,2631.702383,2846.641271,2915.655711,2938.367002,2946.763714,2970.778184,2938.848282,2879.051184,2858.829065,2908.172991,2825.643908,2857.074515,2878.092123,2963.849825,2995.821243,3125.148813,2905.829348,3011.380271,2985.249076,3063.860351,3076.331787,3110.377887,3126.953431,3165.56974,3174.807694,3083.646932,2939.863103,2847.500746
HUN,Hungary,Very High,,46,18323.85726,15902.7879,15530.03207,15918.77751,16323.53699,16323.3956,16326.4876,16600.35791,17275.91526,17805.53606,18526.67396,19431.06481,20656.23898,21580.32163,22622.09695,23355.02461,24094.02194,23921.45917,24289.06445,23379.07569,23597.39481,23814.05863,23596.14241,24483.8189,25259.66574,26281.74257,27615.68144,28307.73017,29638.3262,31464.44259,30487.04684,32789.01063
IDN,Indonesia,High,EAP,114,4202.15015,4507.435038,4747.871447,5042.223856,5398.846884,5737.73195,6110.92098,6290.178289,5237.048564,5117.711404,5314.879695,5603.790294,5819.946749,5963.605679,6132.296838,6376.755224,6680.941428,7022.246232,7389.49286,7633.704258,8058.514219,8430.620607,8819.450844,9171.014234,9472.816898,9815.404496,10197.40112,10589.12645,11030.26908,11453.54855,11141.56832,11466.06836
IND,India,Medium,SA,132,1790.407349,1768.858819,1828.853344,1880.994675,1969.856125,2082.000116,2201.077996,2249.544553,2345.162554,2509.046377,2552.804903,2634.934649,2694.230739,2856.486272,3034.450608,3222.757097,3426.91817,3646.928626,3698.175689,3933.116277,4189.433074,4361.090551,4529.016173,4758.303085,5056.665926,5401.490996,5732.913931,6116.059654,6449.18609,6650.054097,6107.493949,6589.980037
IRL,Ireland,Very High,,8,23391.17612,23894.07301,24295.49219,24939.27091,26340.14874,28236.59674,30007.58292,32438.36829,35071.54292,37184.08341,40412.06014,41520.77813,42417.42304,44000.67657,44733.47692,46725.35649,48191.57428,48328.55453,45256.81995,41347.50221,41667.89887,41143.12106,40945.23159,43349.89161,46428.53601,55490.8464,59305.86957,61729.40784,64098.84282,67253.22253,67735.8762,76168.98443
IRN,Iran (Islamic Republic of),High,SA,76,8631.088966,9496.163999,9575.856149,9519.871916,9210.350609,9287.944362,9640.168291,9576.532898,9667.874268,9656.20872,10084.59493,10049.84769,10653.83239,11429.75163,11751.33786,11981.71511,12465.95662,13365.68311,13260.29381,13199.8971,13812.72186,14011.26821,12896.64969,12711.73086,13078.65731,12730.15472,14245.07437,14562.92467,13536.54586,12401.10769,12624.41241,13000.7117
IRQ,Iraq,Medium,AS,121,7251.989012,2393.855928,2970.509078,4285.113096,3962.587742,3144.237702,4567.208649,5366.795481,7042.00098,7997.378904,7972.832311,7910.702206,7064.672937,4699.012182,7062.580562,7147.464207,7376.304498,7417.404968,8417.922987,8481.946329,8679.985923,8922.675892,9860.994781,10104.78849,9743.876802,9859.834601,10906.04372,10445.36711,10465.09393,10869.49515,9663.007644,9977.249073
ISL,Iceland,Very High,,3,31635.6394,31478.09325,30241.17063,30291.10844,30878.68035,30593.43829,31812.5681,33357.35116,35512.38364,36702.40516,37875.68092,39049.60374,40037.53056,39998.40633,41483.87127,43631.89546,44678.11201,48221.43966,40795.06391,37970.82214,37384.16258,39273.83731,40751.37618,46066.78901,46529.7034,48904.51421,52768.75433,53923.22172,56492.26004,58055.06597,54141.4547,55782.04981
ISR,Israel,Very High,,22,20864.37796,21725.05731,22583.41991,22937.6447,23939.77187,24786.53022,25737.28297,26287.80157,27012.95968,27184.46917,27991.28691,27949.08947,27407.78838,27023.12376,27777.7888,28844.25638,30012.16644,31136.79394,30788.48212,31003.44106,32085.50509,33026.89275,33231.73289,34530.46471,35876.7937,36704.39549,37937.41307,38924.31301,39620.10088,40633.62378,39015.07545,41523.74319
ITA,Italy,Very High,,30,36208.56056,36665.00975,36861.78313,36590.20921,37314.22695,38549.865,39253.99594,40176.18477,41091.27344,41883.29597,42800.14793,43809.33485,43948.71871,43882.52323,44254.6412,44251.98788,44658.82268,45095.50647,43633.27169,42078.36692,42150.60535,42043.25452,40576.27663,39517.53859,39490.18497,39796.6249,41115.42705,41812.97134,42450.93247,43121.80118,39900.63273,42839.51441
JAM,Jamaica,High,LAC,110,8141.983321,8467.927768,8557.333461,9274.49058,9311.131293,9437.174772,9334.610038,9137.857221,8839.144995,8850.995171,8854.704097,8906.665631,9023.370791,9296.902833,9366.114041,9398.15417,9620.011561,9709.069035,9707.006967,9107.809893,9089.00397,9215.326794,9306.382492,9213.48975,9242.289334,9184.322717,9152.259979,9327.09002,9365.908524,9503.655135,8474.815687,8834.47567
JOR,Jordan,High,AS,102,7568.222007,7079.469112,7786.734365,7776.234809,7800.519149,8035.294859,7946.10734,8115.183701,8276.80253,8396.382346,8829.120831,9173.268993,9435.058142,9663.500612,10310.50646,10811.63388,11280.26252,11719.83271,11853.65768,11813.53471,11229.70337,10921.28119,10562.26491,10314.95721,10170.84249,10032.8831,9959.457292,9953.727851,9967.349228,10072.72061,9788.721555,9923.714974
JPN,Japan,Very High,,19,35578.79714,36649.80697,36898.38045,36606.24443,36176.6892,37026.79769,38090.07386,38270.54519,37789.3161,37533.8899,38375.43131,38484.13876,38355.44101,38783.26514,39556.25235,40079.83225,40407.54524,40891.01444,39575.23333,37855.03733,39152.92818,38863.25616,39328.17159,40275.25131,40482.79312,41874.21537,42421.08469,43040.54532,43086.85266,43375.7894,41487.05103,42274.29134
KAZ,Kazakhstan,Very High,ECA,56,13703.11871,12209.83565,11610.37615,10591.41835,9366.238725,8763.226512,8916.285685,9183.221889,9171.225356,9349.748318,9993.544494,11521.95903,12765.0785,13734.71075,14758.68163,15396.17221,16317.19092,17274.6335,16779.20776,17769.16532,17976.27447,18264.09656,19217.17935,21068.97379,21752.92385,23136.8885,22005.08356,22157.8711,22171.8375,22786.55302,23325.00389,23942.81837
KEN,Kenya,Medium,SSA,152,3448.048818,3369.514501,3242.159922,3088.073787,3102.447584,3192.649716,3281.266957,3220.329605,3246.290274,3217.904046,3159.193714,3187.712989,3125.099733,3125.404705,3203.882807,3326.610393,3437.795658,3567.161688,3489.588814,3058.14906,3246.81456,3402.901672,3432.866608,3445.657082,3542.10425,3675.554026,4089.709912,4126.283437,4273.498235,4381.487855,4266.967466,4473.570344
KGZ,Kyrgyzstan,Medium,ECA,118,5142.118591,4678.506292,3991.41314,3361.234013,2628.271232,2453.120945,2603.298478,2776.016503,2766.706583,2782.348363,2888.322386,3086.618842,3069.604945,3262.038416,3396.482032,3394.227671,3533.266593,3813.744666,3978.47981,4053.88964,3889.734936,3867.145395,4160.447227,4379.803244,4540.283615,4632.765992,4659.189545,4803.232306,4978.956446,4750.777239,4494.5007,4566.303831
KHM,Cambodia,Medium,EAP,146,1007.601253,1041.390007,1079.848145,1095.719377,1105.124166,1170.658159,1194.41143,1223.286705,1239.735806,1349.517478,1444.546732,1526.759144,1583.453563,1699.051803,1840.307114,2039.208488,2228.221097,2435.242842,2542.49133,2498.362445,2602.172685,2736.294927,2869.323018,3062.342747,3195.928321,3329.290811,3501.466995,3684.459668,3864.496775,4123.001845,4032.751435,4078.697154
KIR,Kiribati,Medium,EAP,136,1877.076693,1831.138665,2288.651043,2259.066259,2258.823159,2217.047675,2215.765405,2197.427498,2261.676514,2154.392668,2236.07937,3526.955715,3311.557766,3092.681588,2975.522746,2974.172053,2876.388874,2918.741537,2849.907607,2635.59129,2724.164428,2594.087007,2917.619539,3258.613856,3705.649317,4484.719183,3998.339731,4277.843684,4251.548646,4673.024716,4074.115486,4062.586034
KNA,Saint Kitts and Nevis,High,LAC,75,16158.29547,15573.09808,15870.94859,16711.09332,17415.83068,18371.41129,18939.01031,19892.8389,19242.33711,19595.6866,21382.2469,22135.55983,22072.57967,20648.14097,21564.12759,23569.26264,24421.80971,24469.21157,25740.42117,24470.42016,24254.5162,24533.43415,23949.32511,25112.64024,26349.63781,26383.79782,26913.35809,25739.42918,26371.81679,26727.53894,24474.88162,23358.33212
KOR,Korea (Republic of),Very High,,19,12641.31667,13865.72172,14567.79055,15412.08635,16649.35858,18043.99441,19287.69497,20246.02269,18907.77671,20978.02754,22801.04448,23724.11341,25490.7206,26163.70029,27465.43359,28433.86694,29901.61423,31488.49601,32281.54194,32312.88003,34443.54124,35598.27827,36410.47352,37248.45937,38144.21084,38948.32998,39959.57395,41124.36929,42115.21132,43163.03806,42698.12802,44500.93187
KWT,Kuwait,Very High,AS,50,43678.51047,28103.38148,46194.32954,60636.73609,68059.46375,75892.07305,75893.34076,76685.19001,75432.50511,66303.36162,66691.96827,62937.94206,60860.0865,69452.43947,77531.22634,83609.15628,87527.31767,86266.58606,80696.45086,70105.48692,65518.94118,66856.94387,67190.48478,66072.10343,64205.53624,61203.47424,60888.65689,58767.65534,58030.87808,57254.52971,52967.77768,52919.76137
LAO,Lao People's Democratic Republic,Medium,EAP,140,1944.015486,1971.628855,2025.237334,2088.683032,2192.719477,2297.231942,2402.74048,2466.484765,2506.091886,2677.889547,2715.059938,2831.486058,2987.358599,3062.282551,3279.195247,3507.579735,3310.576061,3931.584401,4114.629169,4434.991046,4547.982796,4815.017769,5161.40393,5527.596205,5920.13672,6252.660836,6599.671395,6874.763168,7238.511591,7518.657148,7651.700741,7699.579617
LBN,Lebanon,High,AS,112,9196.571176,10999.15835,12403.2203,12822.9799,13382.30811,13844.4596,14884.52454,14727.6782,14956.28485,14715.15309,14641.01969,14303.66653,13498.13029,11548.22517,13723.97772,14138.56631,14401.34173,16062.98559,17274.97518,18470.48039,19248.7465,18628.30996,17964.63874,17437.60574,16794.97735,16178.16274,15891.85225,15980.11283,15586.30415,14377.64877,11201.42116,9525.831467
LBR,Liberia,Low,SSA,178,1825.789144,1593.527109,1054.331589,715.5722036,557.0866659,518.1478929,549.8104414,1053.348615,1273.873734,1226.603316,1596.838046,1584.783856,1605.92906,1102.742096,1110.484353,1139.17391,1189.735474,1253.227325,1288.458451,1303.892719,1334.641591,1398.769059,1467.404727,1552.5827,1523.60259,1484.924981,1425.324418,1424.468657,1406.047065,1338.470653,1267.657717,1288.74235
LBY,Libya,High,AS,104,14478.84909,16347.65461,15540.54357,14633.29408,14607.17074,14004.17195,14052.89182,14560.82282,13857.3438,13710.48835,13784.74272,13663.37255,13595.56033,15504.65622,15783.43871,17476.95661,18761.28499,19546.14203,19191.74264,18083.09796,18662.58731,9229.557288,16671.4704,13812.40286,10753.74104,10854.91959,10430.01119,13686.02253,15526.25699,15687.71125,10630.28113,15335.712
LCA,Saint Lucia,High,LAC,106,10542.20907,10403.95061,11138.02825,10916.08186,11018.15952,10928.22021,11544.87993,11316.10732,11923.83887,12232.4876,12081.4834,11485.6162,11624.43831,11867.63418,12419.83475,12261.15077,13213.61333,13176.60524,13611.25403,13541.96931,13547.06624,14251.38425,13999.38477,13695.79921,13276.47931,12895.19596,13610.78582,14130.1393,14453.44581,14380.56973,11353.06871,12048.30381
LIE,Liechtenstein,Very High,,16,86898.22707,90463.72151,90095.67947,89361.04078,90233.13581,90630.95653,93346.84613,101287.7941,112134.1456,120086.953,124090.482,111780.8032,107554.8731,101360.7635,100188.7953,107644.6536,119446.3713,132438.9834,128464.7415,109025.1935,114105.8603,101656.9339,90018.01203,102002.0218,105224.7206,106691.3759,126592.3497,141328.1835,144933.8638,146186.9796,142613.9109,146829.7006
LKA,Sri Lanka,High,SA,73,3857.335366,3982.342083,4134.343499,4383.200867,4557.97796,4740.089196,4881.180656,5177.27301,5368.480423,5557.070543,5850.024609,5723.106272,5918.854008,6253.377245,6534.764141,6872.356869,7332.785758,7795.922241,8104.579428,8424.438251,9041.182312,9746.385707,10541.47321,10748.55286,11181.46391,11600.29333,11961.24757,12250.94548,12509.74227,12699.55204,12208.46787,12578.22055
LSO,Lesotho,Low,SSA,168,2391.73844,2288.9999,2274.089439,2271.234945,2231.258477,2227.273616,2293.475494,2392.017605,2747.531806,2746.813803,2678.852288,2646.6503,2681.354652,2792.87704,2782.434202,2670.536131,2686.451808,2976.207122,3074.951173,2916.204121,3004.195059,2937.125676,3004.064818,2998.102546,2951.831616,3046.013954,3165.809722,3031.409555,2997.479203,2959.46875,2676.630183,2700.435748
LTU,Lithuania,Very High,,35,15372.70508,14515.93603,11472.76501,9649.289894,8749.794986,9057.384378,9955.970747,11067.73287,11905.08217,12004.8005,12815.86855,13815.5806,14974.65542,16462.18601,18470.36986,20467.18814,21892.72195,24341.03324,25922.42946,23068.45458,23319.32486,24538.41744,25601.69818,26958.98289,28610.72871,29301.09772,30786.23947,32541.17287,33963.01256,35705.28941,36076.54329,37931.30359
LUX,Luxembourg,Very High,,17,60748.57162,64704.86147,63988.76049,66127.32226,65931.02469,68122.96733,69216.70676,72119.6537,71599.08344,76724.83651,78558.31204,79030.83314,75887.83168,73474.47738,84564.32485,87012.00638,82926.69144,93173.94869,87146.29368,67785.36384,75754.521,76932.51077,85299.29025,80965.91409,83495.1083,74254.42678,77076.00087,82296.95125,81398.52451,76018.56437,80285.84238,84649.47467
LVA,Latvia,Very High,,39,17548.40684,15796.81227,10258.69473,8843.247431,9027.031822,9271.244551,9574.118103,10203.41645,11171.67448,11572.9806,12182.65733,13247.32117,14202.08339,15526.48086,16863.32718,19008.8348,21235.12436,24269.96109,24042.56028,22701.32514,20902.91306,21970.60507,23245.50419,24172.55493,24833.9538,25952.38949,27395.61007,28601.52573,29894.57755,31058.91587,31101.79957,32803.23423
MAR,Morocco,Medium,AS,123,3707.987309,3893.979178,3757.469974,3644.378573,3986.447718,3696.196496,4127.357914,4004.464448,4265.93096,4261.310032,4284.930384,4548.903983,4649.568861,4878.101878,5072.215916,5206.14294,5529.265636,5668.725192,5941.807867,6044.968224,6196.297658,6415.332138,6496.05825,6738.780232,6754.424121,6991.730986,6969.179337,7168.724522,7301.739349,7398.11725,6881.631266,7302.81917
MCO,Monaco,,,,,,,,,,,,,,,,,,,,,,,,,,,,,,,,,,,
MDA,Moldova (Republic of),High,ECA,80,14243.82394,11727.66076,8242.950799,8178.105482,5673.553405,5647.628664,5532.301662,5638.947083,5198.249816,5083.752625,5303.632747,5774.425033,6375.918976,6923.955044,7575.286812,8139.956213,8426.589953,8524.627537,9227.222339,8382.030556,9147.874347,9659.308093,9835.445363,10735.73531,11204.00807,10957.02179,11540.90096,12315.48679,12952.69015,13704.8965,12822.36442,14875.33189
MDG,Madagascar,Low,SSA,173,1781.244735,1608.480191,1596.031454,1584.924367,1526.520999,1506.051087,1506.019116,1517.086441,1530.907274,1558.499286,1583.262569,1629.996113,1385.385729,1476.263466,1513.377245,1529.064221,1561.651344,1627.542304,1689.493909,1571.309425,1532.139834,1515.81552,1496.277412,1486.198892,1505.548661,1494.630382,1507.431247,1541.173158,1548.073162,1559.741867,1419.679656,1483.520983
MDV,Maldives,High,SA,90,8184.507833,8558.033905,8842.705788,9141.683215,9513.940156,9966.142523,10950.14192,11731.66643,12074.87414,12728.74921,13198.07411,12323.64223,13057.83152,14280.85292,14838.70168,12855.1297,15736.31745,13737.97058,15128.71265,13877.43754,14199.80449,15056.72855,14980.45541,15088.5491,15720.58858,15717.36243,16155.58596,16631.32167,17147.30852,17710.77696,11773.26598,15448.12788
MEX,Mexico,High,LAC,86,14478.93425,14895.23039,15159.62013,15226.64346,15693.75777,14266.22566,15045.65751,15959.72196,16530.8313,16797.98889,17380.34283,17117.46397,16899.50116,16906.56362,17372.44081,17414.40728,18033.14918,18145.5403,18132.72339,16875.67194,17575.83104,17892.18263,18233.04546,18061.00979,18423.54338,18777.73886,19021.831,19209.21915,19385.89225,19096.57525,17234.78062,17896.29498
MHL,Marshall Islands,Medium,EAP,131,3882.06304,3794.526435,4013.924691,4223.778283,4457.689088,4822.140558,4338.127309,4130.505064,4241.190962,4288.376549,4349.440668,4555.632878,4485.781282,4360.960214,4301.059971,4414.667322,4270.59709,4401.900551,4001.182216,4129.404839,4242.328294,4240.101358,3956.773561,4238.739586,4361.535384,4747.619065,4714.772323,4771.761214,4852.882347,4956.337016,4727.402503,4619.535393
MKD,North Macedonia,High,ECA,78,,,,,,8969.877253,9028.909698,9108.053762,9367.364239,9687.861694,10065.54275,9823.227143,10002.85397,10184.36146,10692.68095,11046.98165,11754.26935,11959.5747,13054.44457,13046.265,13364.5355,13606.37929,13472.13216,13813.84666,14359.46958,14686.7385,14934.67765,15084.56736,15457.19391,15981.25068,15310.7911,15917.75283
MLI,Mali,Low,SSA,186,1409.193137,1548.880292,1460.367638,1472.333934,1470.547585,1435.609201,1496.784482,1526.123265,1601.790029,1657.017601,1614.905697,1741.740136,1718.883953,1870.453761,1841.293378,1900.573317,1913.736974,1917.362328,1952.537578,1947.600342,2000.079768,2007.607523,1928.19902,1928.51529,2019.311879,2091.013072,2137.343333,2173.555623,2217.611028,2241.781851,2131.591455,2132.629443
MLT,Malta,Very High,,23,19325.52075,20114.01522,20618.92487,21172.83139,21786.23987,22786.05675,23277.92564,24294.24855,24832.67871,26399.64597,26560.46844,27166.32577,27695.7023,28319.26589,28172.57148,28205.89598,28520.40444,29500.4094,31482.02982,29769.12819,31289.63547,32203.80094,32462.76512,33661.96666,35403.22009,37716.50048,36635.29704,38304.2029,40070.42113,40611.11949,35645.06549,38884.45623
MMR,Myanmar,Medium,EAP,149,535.9079226,552.3778784,588.1361283,620.8380489,657.9790293,693.9910173,727.1055167,741.9688698,781.0133633,867.1417547,963.9923913,1065.313524,1191.647254,1342.271617,1511.335308,1698.983452,1897.766025,2094.31213,2298.024551,2518.247738,2694.960963,2846.926656,2997.036412,3210.391303,3427.808642,3504.411587,3891.244863,4109.517194,4336.410687,4582.102317,4723.195885,3850.524234
MNE,Montenegro,Very High,ECA,49,,,,,,8537.209614,10905.30394,11651.02292,12224.1288,11238.68602,12893.49139,13036.55699,13355.18835,13700.92866,14194.16936,14187.27963,15452.2313,16416.64572,17623.23572,16362.48821,16632.47158,17408.12004,17062.97966,17700.79268,17892.61687,18649.82217,18948.91492,20086.50445,20925.34711,21772.62933,18546.1188,20838.80129
MNG,Mongolia,High,EAP,96,4504.317395,4322.102478,3952.230458,3652.918707,3824.861977,4144.403275,4199.838163,4327.058952,4484.445673,4562.761498,4568.853981,4617.695415,4837.523504,5085.132909,5752.272436,5894.009596,6366.896166,6850.865763,7294.139198,7001.641084,6956.991224,7981.423111,8824.576367,9903.99011,10189.2346,10239.78955,10176.56453,9773.631152,10960.06887,11098.9151,10626.79022,10588.22532
MOZ,Mozambique,Low,SSA,185,454.4532422,468.5158907,416.0326599,443.6379281,454.0150897,453.3346981,495.3317821,539.4091129,574.5077892,628.1710007,610.6555805,660.472833,655.3921968,738.2520893,776.4451833,787.7008049,815.39309,865.3927795,908.1448851,968.4701108,995.2601972,1056.245836,1116.823506,1163.397474,1205.310147,1240.456932,1247.861871,1245.447702,1265.815831,1257.939477,1206.852988,1198.073924
MRT,Mauritania,Medium,SSA,158,4386.778052,4396.640843,4373.588889,4487.793432,4232.111831,4532.218331,4868.734,4543.81375,4573.224189,4628.908582,4304.470931,4062.426871,4185.323624,4343.951495,4419.602642,4642.69383,5131.211656,4912.074911,4802.253968,4740.631945,4610.543008,4595.369735,4636.124825,4699.217815,4722.797963,4887.008709,4852.883488,5035.931643,5167.404537,5277.286821,5038.816043,5075.305711
MUS,Mauritius,Very High,SSA,63,8100.735456,8418.285722,8833.057472,9124.510681,9303.503204,9610.493904,9934.205912,10460.29301,10965.7532,11163.2083,11960.98045,12392.83332,12513.72462,13029.60677,13583.3464,13746.94974,14503.68004,15559.94762,16164.99315,16482.91291,16937.87407,17443.41474,18870.83772,20120.23012,20835.01678,21657.23264,22415.60786,23536.24781,24767.93351,25589.34366,21194.67865,22025.34631
MWI,Malawi,Low,SSA,169,931.5504211,992.2126989,911.3270308,997.1434953,891.7867647,1030.532941,1086.252607,1100.854233,1112.580694,1114.533513,1102.201953,1021.417235,1013.803213,1046.060197,1075.720983,1082.36655,1102.86281,1175.387253,1229.60102,1294.266832,1344.092199,1369.537547,1356.039974,1386.630627,1425.155709,1425.185701,1421.541999,1439.504186,1463.544391,1503.057342,1475.38654,1465.635064
MYS,Malaysia,Very High,EAP,62,9926.576698,10511.93791,11123.44916,11973.56507,12754.44777,13656.655,14637.59771,15211.49563,13708.29471,13975.51846,14697.54095,14603.07882,15175.46941,15895.37145,16659.08144,17321.67752,18207.30872,19130.71026,19463.7077,19041.72032,19877.39615,20773.27907,21302.85562,22088.9007,23108.6483,24113.72839,24841.45459,25910.44685,26720.61992,27678.64207,25940.44402,26657.94355
NAM,Namibia,Medium,SSA,139,6049.255002,6450.36875,6576.686207,6298.960877,6253.776447,6487.675617,6424.424093,6536.915483,6663.691436,6593.803399,6845.772332,6763.083241,7093.736534,7503.476997,8041.100448,7905.316202,8379.625588,8500.237975,8571.893578,8420.316523,8589.060597,8965.820525,9268.750223,9979.121655,10368.18257,10659.96487,10270.48517,9987.117622,9704.240117,9565.710371,8710.512156,8633.504452
NER,Niger,Low,SSA,189,1132.369387,1092.113414,1077.633416,1045.843912,1026.572271,1019.865582,999.4957233,981.523547,1055.166556,1019.133787,973.2432453,1011.085577,1026.87377,1008.029584,987.8002317,1021.853537,1041.911994,1031.514983,1065.755736,1046.519372,1093.314361,1085.1152,1122.285381,1142.618784,1178.015491,1187.645526,1188.941701,1206.403432,1257.082178,1278.971076,1270.065047,1239.866936
NGA,Nigeria,Low,SSA,163,3067.387527,3006.696926,3021.759294,2824.651072,2765.381452,2739.12167,2794.670158,2817.794243,2803.733211,2817.029996,2655.989334,2864.22255,3191.837532,3296.341012,3529.89442,3631.501451,4009.970944,4052.192908,4226.714342,4428.627407,4635.558111,4758.77867,4848.225457,5045.010114,5311.162154,5356.223001,5160.489945,5031.603971,4928.925873,4971.470226,4739.674805,4790.284425
NIC,Nicaragua,Medium,LAC,126,3020.293253,2951.069028,2953.98042,2826.253801,2824.761712,3054.837098,3251.105546,3380.993695,3528.429325,3717.890763,3818.334731,3850.373703,3849.814885,3904.550184,4076.770459,4237.153806,4320.551335,4503.25909,4595.485975,4359.468616,4501.692155,4724.374635,4901.973689,5028.767816,5257.845956,5425.088815,5535.711714,5694.054636,5452.437413,5262.435225,5137.138341,5624.793595
NLD,Netherlands,Very High,,10,36296.26729,37055.36933,37086.69505,37449.95686,38615.60382,40021.52655,41267.10285,42832.72403,44209.7944,46617.47184,48479.93224,48475.14472,48393.49047,48779.43431,49187.91701,49247.57787,52037.50952,53320.00615,52805.10381,51580.00959,52227.99073,53010.90773,52495.66202,52116.77307,51659.69255,52989.64531,53067.077,55507.09027,56614.38413,57039.03195,53503.64286,55979.411
NOR,Norway,Very High,,2,36062.79428,36663.79655,37287.23,38112.4514,39504.12494,41251.68891,44119.50648,46475.87583,45662.82229,48332.18312,54793.8995,55581.34009,54349.38507,54727.05116,58228.02514,63543.37817,67037.92885,67351.25237,70347.80315,63550.16598,64988.87524,67037.8291,68432.67946,68383.25839,68778.77611,66756.61403,64795.49042,66403.54684,68999.19641,66481.78169,62572.93547,64660.10622
NPL,Nepal,Medium,SA,143,1575.826344,1631.574714,1653.737712,1672.233026,1763.233102,1783.66261,1821.387854,1879.462091,1901.426337,1970.991283,2059.380974,2148.810339,2107.622234,2159.663612,2226.863661,2288.402282,2346.857643,2403.790656,2521.875782,2620.303562,2722.899691,2805.960198,2942.388751,3053.149939,3263.276741,3376.943746,3356.592607,3601.108877,3798.135482,3994.226959,3844.117012,3877.315444
NRU,Nauru,,EAP,,,,,,,,,,,,,,,,,4997.041603,2991.817466,3814.236473,6998.3053,5626.479205,6431.276714,6965.96803,7838.00379,8475.056988,11012.52406,15472.39748,17303.06235,18174.49788,16306.188,18778.35023,17800.7314,17729.74084
NZL,New Zealand,Very High,,13,24214.03722,21947.02339,22092.80995,23201.90793,24326.56827,25077.90745,25238.91067,25837.66617,26215.0132,26851.91119,27662.57448,29044.96454,29755.91455,31138.16315,31791.75463,32136.46882,32324.84384,33903.62362,32840.84466,33741.26907,34114.89481,35069.11343,35441.88481,37132.03938,37808.10649,38628.37835,39558.75645,40700.46491,41382.39849,42403.52046,41946.38822,44057.31394
OMN,Oman,Very High,AS,54,30354.70847,30816.75253,31530.90562,32397.7426,31999.9225,33000.23792,33280.66085,35277.55131,35579.80535,35436.12566,37457.7742,38579.94661,37470.74512,36208.8661,35980.13235,35436.98506,36636.79009,37079.4074,37494.26661,37782.20432,36021.0644,34868.09265,35292.75329,35221.41724,33000.36443,33568.72682,33687.5172,32003.33222,30631.78608,29071.04146,27277.06476,27054.32505
PAK,Pakistan,Low,SA,161,2841.108123,2897.623598,3033.304323,2993.495695,3015.195108,3080.786081,3133.871249,3062.757287,3039.77297,3097.34912,3160.71069,3183.551161,3178.95183,3303.05547,3485.40969,3631.120554,3761.372437,3838.637771,3820.418166,3829.371862,3835.512924,3873.460978,3924.479886,4006.327569,4105.228942,4207.010308,4337.277938,4495.95069,4657.880392,4603.556579,4467.236365,4623.70543
PAN,Panama,Very High,LAC,61,10345.7302,10835.33289,11607.9439,12213.17156,12422.53556,12073.57371,12624.24466,12991.95048,13561.54747,13641.53182,13916.19982,13697.412,14112.94023,13830.48774,14485.08764,15160.22658,16175.33969,18076.96739,19490.87979,19485.59856,19709.25201,22130.70521,23552.35182,24829.3662,24968.40656,26599.68394,27197.93332,28606.48873,28869.22802,29342.25437,23694.26665,26956.83707
PER,Peru,High,LAC,84,4943.405647,5137.237402,4990.049823,5133.395794,5629.329259,5912.585584,6041.510865,6334.454835,6260.683714,6251.097403,6297.773346,6293.027047,6529.782834,6672.764496,6813.762314,7094.575199,7385.388794,7970.525079,8722.217969,8806.392101,9317.266284,9796.887413,10448.87879,11112.59152,11339.08417,11705.74373,11899.5399,11931.12893,12142.66015,12303.68873,10916.70628,12245.89366
PHL,Philippines,Medium,EAP,116,4139.583826,4066.710963,4043.349832,4054.99227,4178.477238,4280.567584,4458.054948,4651.226901,4932.066665,4967.006117,4895.57739,4939.264696,5012.017662,5154.074008,5374.084173,5556.405859,5719.636042,5976.078269,6149.84805,6268.008357,6600.766809,6697.516565,7055.385918,7458.801515,7789.275253,8143.543154,8564.17134,9016.762194,9414.447797,9790.637367,8558.594619,8920.428468
PLW,Palau,High,EAP,80,13380.2102,14485.6921,13196.84708,11706.96687,12181.22635,13414.65806,13830.93761,13584.61634,13149.66827,12928.07308,13538.19512,13636.88755,13989.9524,14168.38155,14444.56106,17652.04713,17737.87856,18594.95734,17752.22216,16818.91756,17068.63254,18214.66845,18412.20426,17858.55621,18788.42494,20005.08443,19783.90768,18910.23865,19877.82994,18740.42054,16839.04834,13818.67869
PNG,Papua New Guinea,Medium,EAP,156,2037.130804,2192.196024,2454.136759,2925.908175,3526.05352,3276.687312,3368.492756,3082.639473,3148.43598,3141.983548,2997.575613,2935.452382,2946.513842,3023.368388,2754.273502,2781.965113,2671.025061,2883.822296,2867.675037,2932.028941,3151.262314,3049.077815,3275.397147,3228.860857,3841.677693,4009.373118,4175.769454,4201.135296,4082.831293,4166.066492,4022.073953,4008.623573
POL,Poland,Very High,,34,11133.69745,10122.21177,10237.20465,10665.09785,11564.26723,12273.67485,13112.10744,13944.18476,14590.85743,15283.86066,16177.11083,16401.17345,16740.2735,17231.43437,17707.89652,18610.39132,19685.71892,20882.84428,22011.45139,22400.26843,23207.36326,24307.20371,24660.27546,24971.27568,25724.2512,26821.51433,27466.79559,28817.10086,30369.76617,31838.9708,31164.47794,33033.96081
PRK,Korea (Democratic People's Rep. of),,EAP,,,,,,,,,,,,,,,,,,,,,,,,,,,,,,,,,
PRT,Portugal,Very High,,38,22852.76332,23854.19104,24140.77949,23559.85384,23572.05132,24588.11941,25140.9191,26014.46984,27417.18869,28500.60595,28671.51922,29112.95799,29484.44685,29338.71435,29701.17472,29777.58843,29778.5573,30537.20511,30147.68603,29783.32249,30139.45026,29884.279,28625.27535,29016.09421,29339.43433,30186.54091,31170.51606,32269.04155,33134.17013,34078.58487,31636.80056,33154.53343
PRY,Paraguay,High,LAC,105,8212.272417,8132.944682,7980.975906,8120.487152,8187.072941,8360.485898,8800.24637,8673.80132,8479.868689,8170.28664,7479.681232,7372.0369,7400.037724,6982.835568,7313.92887,7430.442505,7967.30967,8677.024029,9225.986476,9041.02233,9908.752523,10334.62582,10038.18831,10762.37759,11221.46549,11388.39108,11681.90319,12174.12219,12402.40912,12241.66584,12015.54396,12349.286
PSE,"Palestine, State of",High,AS,106,4206.261545,3836.020991,4585.072095,4838.633802,4458.782222,4591.310989,4402.741696,4883.846111,5616.567896,5925.449085,5051.975684,4310.238278,3620.600302,4023.396911,4706.169254,5185.337632,5045.582009,5164.698181,5397.43905,5583.260203,5735.492491,6183.913701,6438.215213,6653.213036,6611.061292,6807.370011,7258.742133,7246.81197,7389.351884,7355.601356,6279.654753,6582.899416
QAT,Qatar,Very High,AS,42,59812.01574,57427.10285,62901.16988,61314.4608,61502.20274,62192.65195,61496.84028,78209.9189,84233.04314,84779.85835,87253.93628,85546.3434,87422.61047,87792.11039,89618.7176,78649.06596,91144.48033,90330.59796,89618.73955,83622.77418,86331.42965,91383.97812,90093.22967,90598.69022,91347.51852,93931.58322,94985.79979,91499.86316,89089.21103,87791.91612,83720.69503,87134.13469
ROU,Romania,Very High,,53,13289.95661,11711.86444,10746.64888,10906.93426,11361.39657,12071.13964,12559.32363,11975.33227,11722.06464,11692.61437,12061.0788,12876.90213,13803.58871,14043.53532,15300.34332,16308.55395,17631.43917,18782.19739,21553.0856,20747.37719,20075.41853,20537.17243,20942.67019,21878.99577,23006.38141,23639.21976,24814.66283,26756.30966,27979.14701,29442.20491,28358.50064,30027.29131
RUS,Russian Federation,Very High,,52,21447.82461,20289.24743,17177.25745,15713.39967,13825.24638,13206.55931,12659.25684,12768.81802,11865.19326,12709.26548,14185.34693,15178.08414,15886.59368,16926.01007,18366.39377,19541.54932,21083.29258,23081.19442,24119.89487,22201.95573,23185.28566,24157.0564,25053.79345,25335.32544,25127.72727,24770.75166,24798.29278,25233.84257,25977.61212,26317.80587,25837.99768,27166.30891
RWA,Rwanda,Low,SSA,165,933.391139,935.0494069,1047.102417,1027.242817,540.4053945,748.9323199,810.1339709,864.3728577,867.0798711,842.4310292,861.2165187,897.1061265,993.6105739,995.8613755,1054.856047,1138.241995,1215.385067,1281.577014,1383.597203,1432.018416,1495.115097,1574.15205,1660.330408,1690.7467,1739.974325,1853.475173,1897.461532,1913.034071,2014.357454,2153.695631,2051.532402,2209.795202
SAU,Saudi Arabia,Very High,AS,35,43005.69378,47014.58721,47054.21818,45530.86967,44036.64032,43542.21361,43112.36844,42725.99461,43524.14147,41207.54643,42183.11879,40741.54474,38447.68497,41423.5942,43532.22971,44734.86349,44807.12574,44629.10857,46324.43719,44059.17278,44723.27447,47852.01671,48932.66423,48894.56108,49392.35184,50124.98951,49681.68654,48041.17305,48123.7529,47494.88673,45232.21124,46111.55135
SDN,Sudan,Low,AS,172,2739.487825,2692.842422,2875.888179,3007.071449,3022.040639,3145.427422,3331.041474,3619.047132,3661.862569,3636.9448,3723.241744,3899.391968,4000.128818,4144.3843,4220.660327,4360.895883,4480.0832,4637.464794,4631.672141,4484.057654,4337.199423,4614.505527,4343.172226,4268.25179,4571.167508,4531.578287,4587.178842,4414.899983,4109.613994,3909.860336,3649.896356,3575.19084
SEN,Senegal,Low,SSA,170,2415.240337,2405.066686,2387.01929,2329.878562,2265.225887,2331.284584,2347.497221,2358.335999,2447.437641,2526.559328,2562.154223,2615.343919,2548.542269,2634.149348,2693.357587,2740.225894,2739.15752,2743.445388,2776.554724,2755.268538,2774.910198,2718.221423,2746.975976,2734.087862,2816.842477,2903.302557,2987.651416,3114.304101,3224.813134,3267.668238,3239.619854,3344.311825
SGP,Singapore,Very High,EAP,12,38095.46683,39286.23565,41252.48872,43538.8571,47886.23501,50023.77595,51357.29707,55395.50344,52405.62352,53905.48781,56701.65976,55399.3285,56424.75916,58230.20618,61011.49733,64409.6079,70154.75235,73600.93417,71106.89587,67385.68689,77934.22796,78864.11916,79913.62743,81673.93973,85475.09886,83968.19969,86277.83995,88088.26615,86502.02095,86601.44993,81035.0282,90918.64471
SLB,Solomon Islands,Medium,EAP,155,2237.204991,2283.471505,2508.407433,2602.00385,2749.69555,2911.143751,2890.534359,2775.110151,2739.057353,2599.184381,2230.038041,2018.288756,1868.543189,1962.889561,2071.188991,2128.405381,2122.134963,2103.208263,2124.015708,2126.024839,2314.734737,2366.379699,2407.934942,2600.292942,2522.648632,2472.041073,2512.015248,2610.761701,2663.242801,2631.841793,2540.652696,2481.511362
SLE,Sierra Leone,Low,SSA,181,1763.828519,1666.299127,1452.989273,1546.360188,1493.072967,1444.084462,1113.384922,926.0785907,879.1546318,806.2176803,819.1500021,932.6977502,1130.680555,1185.348383,1205.879906,1211.771121,1227.106268,1379.930856,1458.474648,1486.220976,1424.126763,1442.71507,1702.51524,1935.470065,1949.725129,1525.206701,1430.636491,1594.30889,1528.635626,1684.496721,1604.380084,1621.512579
SLV,El Salvador,Medium,LAC,125,5142.350799,5172.174624,5496.950396,5736.352952,5955.639848,6195.885277,6165.814936,6250.464489,6365.961908,6378.980593,6432.215581,6443.979106,6478.709785,6499.706918,6517.95534,6662.02182,6967.812746,7072.6786,7238.858093,6984.857474,7122.917511,7355.606685,7447.703934,7541.352768,7634.715924,7765.297992,7879.035883,7984.420771,8136.126957,8338.88639,7558.531908,8295.665889
SMR,San Marino,Very High,,44,52984.91521,53083.31198,52729.44043,56463.80666,59525.39316,64188.41043,66476.20068,68998.06219,72420.49944,76042.49354,75925.2464,78465.99366,79392.72059,82190.51878,84134.23685,83924.8326,86642.53886,89258.18951,87854.18234,73855.71679,71403.10317,63729.09125,53399.67319,54372.70707,53001.20328,49223.39698,49815.34772,54725.64938,54128.06922,55361.79834,50212.24688,52653.82534
SOM,Somalia,,AS,,1692.608057,1711.810079,1502.209501,1496.895985,1165.676387,1147.321236,1167.249532,1098.789152,1084.533288,1076.761185,1069.705689,1064.616682,1065.152427,1066.995839,1064.814433,1063.632772,1057.121975,1053.598114,1050.8997,1048.740358,1046.88335,1045.251694,1043.810247,1080.816124,1091.0514,1090.472563,1088.129753,1072.750752,1071.89966,1071.896076,1025.952583,1017.96785
SRB,Serbia,Very High,ECA,63,,,,,,7713.43885,8219.968913,8876.690522,9203.31905,8367.929742,8902.328556,9535.589827,10109.30992,10554.57106,11510.0216,12143.50189,12795.25716,13406.05174,14278.69302,14133.10377,14211.49905,14350.26508,14420.03479,14803.48419,14648.10775,14858.915,15294.10288,15538.46624,16565.63064,17314.26844,17665.40411,19123.02747
SSD,South Sudan,Low,SSA,191,,,,,,,,,,,,,,,,,,,2042.417616,2084.436605,2029.553038,2077.097,954.326,1194.569,1191.754,1154.533,970.485,888.762,845.39,827.107,750.108,767.787
STP,Sao Tome and Principe,Medium,SSA,138,2393.581054,2311.803654,2279.000265,2246.959374,2267.033213,2245.456491,2284.784927,2257.332133,2247.691185,2328.749849,2335.653393,2476.458487,2485.386354,2647.784342,2680.865152,2820.811031,3138.235757,3175.385281,3237.934892,3223.165702,3367.691641,3438.242283,3396.457512,3589.006034,3782.090586,3782.264172,3889.557475,3941.369046,3994.124777,3991.279901,4039.79188,4021.350815
SUR,Suriname,High,LAC,99,11854.23813,12264.19057,11490.59154,9688.797826,11095.19158,10875.4349,11016.17893,11241.08031,11539.79191,11076.84792,11140.97431,10541.05219,11785.74762,12391.6374,13240.97796,13808.28568,14398.46779,15307.37616,15808.1554,16025.8166,16233.1203,16365.28625,16988.56216,17533.28437,17606.3111,18218.41659,17234.12239,16278.15956,17181.47199,17226.5384,13291.54848,12672.20033
SVK,Slovakia,Very High,,45,16449.04038,13948.28593,12981.88607,13067.01009,13844.34136,14874.36928,15459.12883,16438.94358,16921.63925,16699.6645,17209.8615,17773.24735,18527.94529,18631.45917,19792.48061,21390.48591,22887.13351,25119.49162,26434.84582,25056.60008,26036.87643,26028.31272,26525.60546,26771.66693,27334.58386,28268.82624,28602.60814,29516.49964,30556.82948,31112.82476,29801.09302,30690.48552
SVN,Slovenia,Very High,,23,,,,,,21628.6315,22442.40042,23584.38018,24517.01511,25897.50704,26271.72503,27365.30785,28341.71764,29204.56178,30161.92994,30998.99525,32458.57806,34389.28972,35136.15927,33153.64189,32747.03725,32656.29801,31428.41024,31285.91288,32490.85685,32738.32843,34095.07338,35849.55565,37411.31252,38439.64415,36992.83331,39746.01987
SWE,Sweden,Very High,,7,35365.03368,34566.50857,33487.79389,31997.51128,33639.80999,35285.56352,35613.37029,36577.97102,38238.58961,40152.31944,41831.0426,42103.19707,42543.37441,43792.03551,44791.05157,45959.84488,48497.11531,50283.061,49840.872,46941.0893,49372.47949,50027.63039,49432.59605,49541.43776,50311.7708,51490.20301,51813.28127,52849.39299,53050.91638,54222.71686,52359.21296,54489.37401
SWZ,Eswatini (Kingdom of),Medium,SSA,144,5374.793585,5362.278284,5419.635968,5310.940589,5079.503328,5524.63136,5789.86491,5859.594782,5673.956599,5853.084505,5706.834207,5990.859863,5838.861655,5906.700078,6232.241642,6964.378548,6960.011648,7278.330002,7188.302522,7105.764438,7101.517382,7139.315816,7430.895634,7844.002634,7857.950772,7991.697489,7872.750167,7844.499338,7913.629038,7744.536132,7524.004894,7678.591873
SYC,Seychelles,High,SSA,72,14257.99389,14576.98476,15634.95973,16215.97581,15919.05551,15022.49782,15688.25336,17513.9897,18324.82066,18209.42936,18225.26954,18228.44008,16537.72143,16334.60332,17267.48742,18489.48593,20039.09556,20142.90475,19303.36403,18457.00091,20108.74922,20821.04164,22260.9096,23169.25013,23452.55824,24084.57792,24513.60635,25224.47069,25788.59798,26084.29819,24132.79487,25830.61775
SYR,Syrian Arab Republic,Medium,AS,150,4198.494437,4389.608775,4861.512338,4984.044983,5413.231091,5636.29335,5889.998428,6150.056701,6253.131652,5889.607304,5704.740698,5827.165369,6164.57323,6111.65772,6408.886882,6555.635985,6751.475662,6915.774881,6922.581491,7164.146815,7324.896049,13285.59444,8656.545671,5408.278142,4515.284252,4782.924318,4856.603798,5024.754555,5136.014235,4914.297286,4215.381839,4191.933893
TCD,Chad,Low,SSA,190,988.5076021,1051.395878,1103.940439,867.9260941,951.4394897,935.1205235,920.9766757,935.5019207,978.0315451,936.4346391,882.450309,947.718359,968.8621487,880.7439838,1286.895983,1366.252218,1240.217809,1347.138825,1302.558192,1505.734574,1669.431478,1628.403869,1716.422671,1713.528531,1778.178957,1803.785358,1656.383789,1566.261072,1553.131495,1555.372994,1420.670363,1364.169417
TGO,Togo,Low,SSA,162,1751.791508,1699.800453,1602.241461,1328.883756,1449.711643,1551.64435,1664.468392,1847.826779,1751.716825,1722.5777,1665.865094,1633.556757,1664.154151,1734.049646,1667.270897,1549.847877,1549.220448,1496.630684,1525.81517,1565.520809,1614.935947,1777.81732,1749.418448,1815.490768,1880.964747,1981.773879,1991.088196,2013.813455,2066.946841,2128.4148,2112.526748,2166.619062
THA,Thailand,Very High,EAP,66,6907.889992,7394.923747,7971.357491,8598.577147,9191.86102,9824.277761,10203.84775,9759.635624,8823.728699,9198.867322,9616.209306,9772.652724,10211.68508,10799.9246,11369.88638,11752.65579,12360.60169,13001.9766,13123.79994,12986.90502,13795.84373,14101.94778,14717.81103,14759.55225,15038.44001,15445.28656,15993.77762,16642.45037,17218.95408,17773.65504,16803.76572,17030.15352
TJK,Tajikistan,Medium,ECA,122,5229.309607,4802.050701,3326.931579,2700.926343,2057.050254,1752.612656,1386.771436,1460.672522,1516.179235,1545.093291,1604.246502,1707.388889,1802.689668,2036.008091,2340.051909,2423.795588,2677.912005,2756.08993,3175.501132,2779.985128,2961.621117,2837.980273,3092.748608,3613.099203,3532.37459,3479.011645,3542.610803,3728.067416,3953.31425,4155.953121,4244.329789,4547.742427
TKM,Turkmenistan,High,ECA,91,10673.69611,9900.154534,8179.417471,8072.451783,6694.977104,5905.47537,6182.508416,5540.031985,5730.032825,6499.897143,6496.731096,6989.00842,6773.087816,7028.017923,7285.568256,7701.550607,8525.197608,9671.032392,10668.24071,11059.94872,12185.29259,13434.76844,14100.61964,14022.45768,14348.73275,14808.95608,14351.65759,13615.49576,14804.54893,13227.7665,12595.1235,13020.7155
TLS,Timor-Leste,Medium,EAP,140,2822.874942,3037.49405,3278.148333,3529.157525,3591.068849,3848.279048,4162.493554,4405.464066,4218.63418,2057.913246,3076.594165,3395.503646,3703.94173,3042.313789,3296.006256,3901.885426,5418.482855,7198.97098,10461.42314,8149.907407,9695.40749,11658.06795,10104.64368,8860.258391,7134.672228,5744.778703,4516.076144,4500.640588,4393.034285,4865.012069,4785.848969,4460.869435
TON,Tonga,High,EAP,91,4535.219426,4779.933042,4754.482918,4906.378716,5331.259435,5328.356731,5342.561139,5294.495852,5486.404959,5539.615663,5610.106976,5612.256069,5919.305107,5806.25193,5693.384819,5561.841643,5505.705101,5311.430437,5527.20572,5288.567375,5332.265468,5699.446117,5795.075725,5843.639792,5900.359576,6002.930747,6343.509777,6723.664971,6790.395096,6903.445994,6861.643049,6822.03125
TTO,Trinidad and Tobago,Very High,LAC,57,10497.63719,10649.47368,10420.72124,10300.6617,10468.88734,10801.6479,11548.07879,12703.82988,13903.94721,14958.86422,15643.28331,16521.25119,17901.96486,20236.02008,22429.82542,23278.47647,26206.36859,26458.12469,26585.5194,26620.88515,27481.11974,25456.22639,26253.28163,27593.19075,27041.19649,28684.3759,26827.84272,26543.37527,25315.95987,25722.49253,23748.77675,23392.02084
TUN,Tunisia,High,AS,97,5655.51495,5707.121006,5999.871306,5931.990746,6033.027276,6110.871786,6417.676801,6727.51802,6987.206164,7334.055884,7576.227888,7788.470418,7829.054562,8160.127331,8592.305927,8735.378169,9152.383855,9624.778572,9902.639208,10145.01319,10309.12234,10050.71988,10392.25355,10480.33431,10750.96464,10793.65064,10821.75244,10906.88715,11027.26702,10910.37099,10046.07161,10257.54477
TUR,TÃ¼rkiye,Very High,ECA,48,13000.46723,12853.99247,13435.52932,14262.03538,13234.29213,14057.79503,14835.20939,15784.71553,16104.2375,15110.37857,15828.2357,14416.62894,15090.04263,15664.58718,16974.95537,18195.9431,19214.58882,19875.82025,19759.90911,18541.48282,19908.96467,21780.12349,22475.58784,23937.16912,24762.23574,25766.03064,26159.38035,27553.33891,28148.5516,27984.86307,28317.43532,31032.80106
TUV,Tuvalu,Medium,EAP,130,3197.71048,3271.029222,3345.256001,3445.855143,3762.99585,3540.836324,3335.606028,3620.024447,4193.768758,4111.556067,4069.942398,4687.10837,5543.670165,4021.790569,4294.324494,4095.815257,4068.23182,4088.936472,4377.878049,4059.970187,3988.288064,3921.238902,4361.456216,4613.221665,4377.057348,5298.985449,5853.327793,5573.284065,6462.950541,5693.627717,6218.763904,6351.435899
TZA,Tanzania (United Republic of),Low,SSA,160,1343.355022,1332.109001,1292.79506,1268.44768,1252.185506,1267.981138,1305.859912,1313.230569,1338.682716,1371.267934,1396.408325,1423.040536,1508.033819,1555.386661,1624.165451,1687.238249,1779.566349,1825.824479,1879.383305,1924.128556,1971.979768,2060.728598,2099.059624,2172.728288,2248.082321,2310.042875,2387.090895,2472.985897,2555.427577,2693.535151,2615.736839,2664.329096
UGA,Uganda,Low,SSA,166,897.0248379,916.1925994,905.1111706,962.7648601,992.0634456,1077.964235,1144.642376,1174.535886,1198.845417,1256.724765,1239.390367,1247.742473,1327.539467,1370.540385,1409.057071,1448.236618,1561.532585,1649.249463,1739.344576,1802.649977,1843.349609,1955.942554,1955.886259,1959.62118,1988.490664,2028.218794,2051.754604,2025.816431,2064.075583,2124.933537,2138.005821,2181.43651
UKR,Ukraine,High,ECA,77,16779.60025,15250.3303,13428.01374,11302.57843,8865.405669,7831.555788,7106.451536,6954.604481,6837.21638,6842.411129,7100.424621,7902.808794,8408.250902,9293.322703,10487.58975,10857.5854,11674.10072,12768.99435,13015.59578,11099.32517,11795.40101,12320.17058,12839.41011,12824.77342,12237.29245,11671.55321,11649.48105,12032.75473,12455.66945,12964.43614,12718.46051,13255.50977
URY,Uruguay,Very High,LAC,58,10699.72084,11130.23386,11984.48622,12230.23593,12993.59291,12746.59981,13386.57815,14520.43184,15075.17988,14797.83113,14447.51049,13863.30468,12897.16027,12446.62399,13048.45186,14226.02679,14884.97098,15828.80644,16795.81997,17404.48653,18614.31477,19578.65067,19381.35212,20666.30667,21004.10273,21439.38802,21673.66035,21733.37205,21730.72567,21916.76822,20441.92913,21268.88122
USA,United States,Very High,,21,39472.3021,38997.77919,39677.08666,40069.43868,41280.44005,42183.13373,43533.95344,45256.99435,47253.20126,48806.13219,50420.86712,50701.40306,50936.99207,51602.26263,53068.89741,54305.12642,55681.43355,55542.57264,54095.39699,52795.10587,54265.33606,54949.54774,56402.58237,56904.62415,58314.25546,59682.8778,59969.35653,61186.46283,62626.32702,63614.86366,61461.64197,64765.21509
UZB,Uzbekistan,High,ECA,101,3472.614754,3375.031431,2928.28956,2802.399012,2601.278307,2528.409015,2516.539211,2583.554927,2666.620766,2732.518161,2741.040168,2852.797942,2943.953086,3041.282538,3250.889111,3439.404262,3567.76127,4101.007448,4240.700719,4499.637461,4943.025175,5275.207055,5599.849102,5977.987646,6258.947949,6485.233243,6725.763449,6974.358065,7303.472178,7499.478344,7512.022906,7916.785725
VCT,Saint Vincent and the Grenadines,High,LAC,89,6185.527922,6184.505565,6617.215376,6820.810696,6558.563361,7102.313941,7249.186638,7410.344354,7742.503481,8009.950058,8153.521341,8376.855392,8886.756276,9420.992574,9737.161293,10002.26481,10906.968,11394.27153,11579.83607,11506.67603,11139.20682,11073.09644,11370.47393,11624.45716,11422.1553,11637.726,11770.05999,12188.7601,12618.61184,12269.13362,12030.75949,11961.08792
VEN,Venezuela (Bolivarian Republic of),Medium,LAC,120,16424.636,17598.569,18235.914,17875.116,17071.451,17364.324,16965.033,17681.472,17385.75,16027.197,16072.076,16343.749,14654.607,13301.808,15485.932,16817.616,18193.572,19485.41,20205.672,19268.248,18702.897,19201.512,19990.746,19973.024,18928.272,17510.852,14482.668,12321.887,10431.452,7045.248,4908.065,4810.882621
VNM,Viet Nam,High,EAP,115,1579.561078,1656.983675,1799.139508,1898.469647,2055.383788,2263.338912,2420.236155,2564.376914,2661.435576,2766.88644,2933.150458,3085.329744,3239.883125,3432.875306,3647.446549,3886.129712,4105.475098,4329.994612,4521.79679,4659.132555,4922.812426,5148.770463,5371.785971,5588.797805,5830.68531,6055.98238,6313.486671,6611.941253,7097.936558,7529.942469,7741.882535,7867.371345
VUT,Vanuatu,Medium,EAP,140,2796.691933,2648.554526,2472.191472,2469.48714,2443.395921,2549.196357,2597.366653,2629.264118,2688.953424,2793.51902,2795.741554,2756.182045,2561.696975,2598.666954,2618.474793,2648.817055,2864.764402,2871.305544,3099.601738,3013.346393,2991.247208,3024.658712,2865.599326,2929.854856,3031.763329,2969.834779,3043.566834,3089.938709,3200.787431,3417.730001,3174.307445,3085.411633
WSM,Samoa,High,EAP,111,,,,,,3925.098552,4363.2117,4372.832552,4470.614763,4582.379443,4873.284231,5263.515155,5001.860828,5235.677844,5459.005096,5653.999826,5644.886636,5983.036429,5946.567662,5906.688081,6053.161282,5959.794044,5683.651395,5675.889504,5757.48605,6222.783552,6401.83098,6287.673021,6280.573936,6356.98869,5812.868328,5307.953374
YEM,Yemen,Low,AS,183,2730.788444,2574.032279,2550.0361,2538.306132,2475.452053,2691.795957,2983.637039,3069.567853,3235.378693,3162.854312,3334.373285,3466.026749,3516.398906,3576.926075,3593.508139,3673.872607,3858.420964,3886.050629,3889.668856,3925.035508,3902.233535,3161.129536,3152.900024,3212.651579,2775.842952,1785.788608,1494.230811,1302.425254,1341.656234,1349.567046,1370.601082,1314.270189
ZAF,South Africa,High,SSA,109,10900.72606,10629.93501,10178.63915,10085.3213,10193.1244,10276.53337,10491.13903,10577.38399,10443.91836,10533.51009,10823.0723,10895.36062,11214.99293,11380.46217,11833.22103,12299.16465,12824.9738,13167.32141,13430.35398,13145.82043,13354.96125,13514.30361,13602.25352,13732.25252,13700.83456,13694.72811,13545.35859,13475.98821,13491.22179,13366.47464,12449.67104,12948.37325
ZMB,Zambia,Medium,SSA,154,2015.484747,1865.878534,1818.589486,1940.829074,1755.655971,1763.509351,1836.686374,1853.509751,1787.142659,1848.441511,1879.117195,1934.086619,1978.769525,2076.947214,2088.561487,2154.594327,2225.630647,2300.748795,2499.089747,2799.939636,2872.004712,2873.031079,3333.576512,3389.47894,3263.039162,3403.471444,3237.50565,3330.552717,3418.096158,3365.410652,3178.619722,3217.767739
ZWE,Zimbabwe,Medium,SSA,146,2660.896738,2742.056651,2477.582183,2494.192348,2585.596789,2540.4448,2799.62845,2776.869008,2722.390955,2664.18119,2448.217915,2508.376048,2363.482258,2167.302016,2071.34529,1973.994783,1892.260606,1840.530098,1563.611915,2381.584309,2817.502775,3154.375903,3618.629526,3632.111591,3644.856047,3638.532892,3606.750671,3728.918785,3864.012419,3674.564482,3654.289051,3809.887158
,Very high human development,,,,27884.27738,27845.86447,27867.3275,27892.26522,28248.30218,28604.74447,29300.87318,30207.76285,30811.60209,31561.57712,32743.04137,33135.3287,33456.67359,34168.14268,35279.07482,36196.68443,37384.64656,38194.1294,37952.64428,36658.29073,37712.89786,38450.30545,38963.81869,39431.12761,40099.45105,40941.16005,41413.1682,42291.24328,43022.5608,43623.08909,41657.31921,43751.59646
,High human development,,,,4336.040378,4418.20982,4491.438658,4606.619688,4751.589367,4866.102867,5077.646656,5290.954293,5331.263724,5448.129099,5727.672323,5927.089314,6192.087404,6501.871709,6911.605154,7314.653126,7881.423998,8566.230869,9064.738619,9321.273613,9967.097778,10488.03949,10997.2412,11447.83834,11972.77016,12353.99942,12836.96711,13403.66495,13916.54956,14404.98601,14270.30163,15167.24771
,Medium human development,,,,2386.839844,2332.388643,2356.82553,2403.609738,2460.840206,2557.653997,2680.504716,2763.31317,2878.610125,2983.344247,3018.643583,3101.151753,3129.02479,3203.565039,3430.471119,3620.809217,3831.573322,4054.547286,4161.530261,4331.180428,4540.80438,4774.347815,4923.049987,5102.134354,5328.17136,5586.679904,5826.547142,6086.411828,6330.346418,6475.844817,5991.144119,6353.491965
,Low human development,,,,2109.179187,2072.710467,2069.270638,1999.325859,1954.173732,1993.589265,2047.424757,2048.964667,2048.210182,2061.792002,2053.759692,2111.875373,2187.539658,2251.208203,2355.961178,2431.044102,2557.258631,2621.252112,2659.939971,2710.019351,2762.800144,2807.752638,2830.423902,2900.932409,2994.209523,3008.936978,3010.490574,3025.572874,3048.474307,3061.709377,2962.989013,3009.120913
,Arab States,,,,9707.256618,9559.879836,9924.886051,10030.47086,10033.86505,10114.83041,10428.22505,10707.10672,11089.64425,11027.72796,11353.81944,11372.50543,11106.13525,11360.44717,12011.12743,12323.17533,12832.65574,13230.24025,13678.01382,13415.19017,13521.86868,14045.85307,14143.8748,14045.0013,14057.15609,14258.53841,14442.67553,14286.29133,14294.54671,14257.78738,13360.97099,13500.55615
,East Asia and the Pacific,,,,2232.824865,2379.275464,2590.562321,2818.359215,3073.970566,3288.717691,3532.670093,3728.598439,3697.960342,3865.010898,4104.118243,4332.770221,4628.603311,4975.598065,5360.772955,5793.746752,6372.722954,7079.582671,7605.871242,8048.715525,8750.919217,9357.723849,9991.529671,10546.68782,11238.99492,11805.22066,12462.29484,13202.09732,13904.11501,14621.33428,14622.6361,15580.43686
,Europe and Central Asia,,,,11856.97152,11036.42392,10187.4269,9603.650457,8346.075282,8094.374539,8239.321302,8618.391085,8831.026999,8623.257209,9041.598611,9039.184996,9555.196439,10137.61418,11066.12703,11769.33462,12594.23056,13398.32823,13649.31285,12977.97958,13772.57032,14627.69645,15161.40943,15938.93486,16281.68629,16663.66528,16729.09393,17400.71295,17861.2888,18027.10959,18031.67782,19351.83702
,Latin America and the Caribbean,,,,10312.28063,10549.17741,10697.90861,10931.34104,11212.20032,11172.71187,11387.09307,11813.12746,11880.54439,11680.90531,11996.31967,11890.72668,11696.84649,11756.07664,12225.18929,12600.51709,13258.90907,13859.23061,14260.45704,13792.90852,14405.76566,14908.2416,15182.34194,15491.84989,15516.66697,15441.8236,15116.5092,15126.06718,15057.3943,14895.53164,13727.0032,14520.66124
,South Asia,,,,2225.209424,2262.494757,2329.408533,2357.586432,2406.013306,2505.024757,2616.020316,2646.948777,2722.934898,2852.283569,2919.15669,2982.672985,3059.720226,3231.790362,3404.101643,3579.948027,3782.967888,4013.731519,4062.72916,4245.960573,4477.712201,4635.989136,4741.28984,4923.642694,5183.331005,5449.187212,5789.022974,6116.711799,6355.589677,6471.972919,6077.350961,6481.393135
,Sub-Saharan Africa,,,,2878.044092,2824.023778,2648.992129,2570.493491,2523.854657,2584.196036,2637.199063,2670.050443,2661.178984,2649.92126,2618.797033,2676.551793,2775.765,2809.721833,2915.547746,3005.427561,3152.701307,3231.180967,3286.385279,3328.225297,3410.792995,3482.800168,3551.647275,3639.137221,3763.856396,3803.834306,3772.922733,3754.362823,3755.151307,3778.105787,3629.618138,3698.868914
,World,,,,9628.787491,9577.520238,9566.035153,9569.747374,9670.827056,9823.895808,10059.75326,10331.07446,10468.56727,10667.47697,11008.37509,11148.27215,11282.50594,11536.40701,11966.61887,12335.86253,12841.50433,13302.99294,13407.20641,13215.11345,13700.12551,14069.2191,14356.94128,14627.80308,14985.56805,15326.54803,15614.11875,16022.41006,16372.22453,16652.53351,15963.88897,16752.08292
