ISO3,Country,hdicode,region,hdi_rank_2021,le_1990,le_1991,le_1992,le_1993,le_1994,le_1995,le_1996,le_1997,le_1998,le_1999,le_2000,le_2001,le_2002,le_2003,le_2004,le_2005,le_2006,le_2007,le_2008,le_2009,le_2010,le_2011,le_2012,le_2013,le_2014,le_2015,le_2016,le_2017,le_2018,le_2019,le_2020,le_2021
AFG,Afghanistan,Low,SA,180,45.9672,46.6631,47.5955,51.4664,51.4945,52.5442,53.2433,53.6342,52.9431,54.8464,55.2978,55.7981,56.4538,57.3445,57.9436,58.3608,58.6844,59.1113,59.8515,60.3636,60.8508,61.4191,61.923,62.4167,62.5451,62.6587,63.1361,63.016,63.081,63.5645,62.5751,61.9824
AGO,Angola,Medium,SSA,148,41.8933,43.8127,42.2088,42.1009,43.4217,45.8491,46.0329,46.3065,45.057,45.3858,46.0236,46.5905,47.3865,49.6173,50.592,51.5699,52.3688,53.6419,54.6327,55.7516,56.7258,57.5961,58.6231,59.3074,60.0397,60.6546,61.0923,61.6798,62.1438,62.4484,62.2612,61.6434
ALB,Albania,High,ECA,67,73.1439,73.3776,73.7148,73.9391,74.1313,74.3616,74.5923,73.9039,74.9899,75.1828,75.4043,75.6388,75.8899,76.1421,76.3761,76.6208,76.8162,77.5491,77.6529,77.781,77.9359,78.0919,78.064,78.1226,78.4075,78.6441,78.8602,79.0473,79.1838,79.2825,76.9893,76.4626
AND,Andorra,Very High,,40,78.4063,77.9805,80.3241,78.6633,82.638,78.9616,80.334,80.9439,79.4259,81.3173,80.9193,81.6857,82.2368,83.9209,80.0836,81.7599,82.9664,82.6594,82.6982,82.752,82.8156,82.8975,82.9166,82.9343,82.9483,82.9534,82.9671,82.9803,82.9923,83.0039,79.0234,80.3684
ARE,United Arab Emirates,Very High,AS,26,71.9004,72.2414,72.3062,72.5213,72.5982,72.6945,72.7674,72.9367,73.0658,73.6697,74.38,74.6356,74.901,76.2223,76.4532,76.6825,76.9087,77.1289,77.4877,78.003,78.3335,78.5168,78.7155,78.8528,79.0442,79.2232,79.3347,79.5036,79.6274,79.7262,78.9457,78.7104
ARG,Argentina,Very High,LAC,47,71.7837,72.319,72.4295,72.5646,73.1725,73.1333,73.3066,73.0899,73.4737,73.7219,73.926,74.1864,74.408,74.0801,74.8549,75.1388,75.4326,75.0057,75.6411,75.9359,75.7208,76.124,76.4669,76.4908,76.7549,76.7602,76.3077,76.833,76.9994,77.2845,75.8921,75.3899
ARM,Armenia,High,ECA,85,68.8209,68.6431,68.6266,68.8415,69.0725,69.3108,69.7828,69.9098,70.5142,70.2565,70.6236,70.932,71.0179,71.4356,71.4205,71.7922,71.9868,72.3271,72.3985,72.8125,73.1597,73.3045,73.454,73.6759,74.0577,74.4361,74.6639,74.9059,75.0645,75.4386,72.173,72.0431
ATG,Antigua and Barbuda,High,LAC,71,73.4922,73.4354,73.4168,73.4819,73.5912,73.6363,73.8291,73.9603,74.0413,74.3467,74.6058,75.0781,75.5357,75.4778,75.6721,75.8254,75.7647,76.1311,76.4103,76.6694,76.8195,77.1038,77.3502,77.5834,77.8577,77.9127,78.1516,78.2683,78.5112,78.6912,78.8406,78.4968
AUS,Australia,Very High,,5,77.0443,77.4831,77.4765,78.0098,77.8558,78.2619,78.3492,78.6317,79.0275,79.2855,79.6309,80.0165,80.0639,80.4549,80.7512,81.1126,81.2822,81.2603,81.4589,81.7661,82.055,82.1336,82.3456,82.6041,82.5677,82.6552,82.8707,83.0006,83.3871,83.11,84.3239,84.5265
AUT,Austria,Very High,,25,75.7396,75.7931,75.9931,76.2258,76.5425,76.7766,77.0268,77.4292,77.7833,77.956,78.2358,78.7192,78.8469,78.8496,79.3632,79.521,79.9655,80.1672,80.3639,80.207,80.4643,80.8285,80.841,81.0783,81.3903,81.1594,81.5925,81.6391,81.6862,81.9077,81.5036,81.5797
AZE,Azerbaijan,High,ECA,91,62.3522,62.0524,61.2956,61.2856,61.5941,62.3052,62.6217,62.9728,63.5609,64.1892,64.8905,65.5101,66.2392,66.7563,67.3461,67.5619,68.1653,68.6032,68.8112,69.3556,69.5291,69.9835,70.3598,70.8814,71.1163,71.4512,72.0039,72.2478,72.7601,73.1023,66.8679,69.3658
BDI,Burundi,Low,SSA,187,44.8599,44.2265,43.8951,37.105,44.0802,44.0593,44.3734,45.3874,46.5522,47.5278,47.5142,48.4314,49.8911,50.857,52.0101,53.0231,53.8694,54.7265,55.7101,56.3882,57.0809,57.7692,58.4927,59.2346,59.8684,60.2172,60.7931,61.5526,61.6884,62.3514,61.5663,61.6627
BEL,Belgium,Very High,,13,76.0554,76.1962,76.3554,76.3611,76.7142,76.8385,77.1825,77.4004,77.4743,77.6457,77.7665,78.0807,78.1667,78.3198,78.9599,79.0526,79.3884,79.5262,79.5769,79.847,80.033,80.3649,80.2607,80.468,81.0811,80.8898,81.2661,81.3618,81.4787,81.8311,80.7884,81.8787
BEN,Benin,Low,SSA,166,53.2918,53.6238,54.089,54.5366,54.9104,55.2947,55.5578,55.978,56.2177,56.5256,56.5779,56.6604,56.6064,56.7378,56.8257,57.1252,57.4555,57.6752,57.8689,57.9557,58.3627,58.4624,58.7159,58.9654,59.1249,59.3771,59.5394,59.8558,60.1403,60.4537,60.088,59.821
BFA,Burkina Faso,Low,SSA,184,49.4401,49.4502,49.4373,49.2089,49.3069,49.4459,49.6143,49.3997,49.9911,50.3255,50.8468,51.0706,51.2722,51.7927,52.4161,53.0916,53.7422,54.3747,55.342,55.9595,56.4768,57.1246,57.6187,57.8234,58.3589,58.8454,59.3262,59.5361,60.0466,60.0391,59.7306,59.2696
BGD,Bangladesh,Medium,SA,129,55.9886,54.1544,57.6352,57.927,58.6166,59.4673,59.4925,61.4268,63.9168,66.2284,65.7791,66.1353,66.6115,66.8242,67.1874,67.2992,67.2413,66.7144,67.0506,67.4032,68.6384,68.8094,69.554,69.5646,69.9856,70.4913,71.09,71.7879,72.5675,72.8057,71.9678,72.3811
BGR,Bulgaria,High,,68,71.3571,71.2267,71.215,71.2257,70.9011,71.0024,70.8738,70.3511,70.9124,71.5962,71.6091,71.9145,72.1619,72.4077,72.6094,72.5924,72.7215,73.037,73.3647,73.7049,73.8348,74.1895,74.3572,74.8489,74.4824,74.6325,74.8336,74.7992,74.8983,75.0624,73.6453,71.798
BHR,Bahrain,Very High,AS,35,72.6677,72.7642,72.953,73.375,73.5173,73.7988,74.3554,74.5353,74.6408,74.9801,75.4964,75.9082,76.0875,76.3373,76.5598,76.9306,77.1555,77.6338,78.0838,78.4613,78.748,78.8902,79.0813,79.2463,79.3278,79.4046,79.5569,79.689,79.8566,80.0186,79.1735,78.7605
BHS,Bahamas,Very High,LAC,55,70.1331,69.6157,70.6679,70.6559,70.8507,70.7628,70.7101,71.0541,71.4558,71.7709,72.0411,72.1101,72.2316,72.402,72.478,72.7654,72.855,72.6785,72.6671,72.5794,72.7314,72.5638,72.7528,73.0237,73.3658,73.104,73.5368,73.6317,73.8057,71.205,72.6766,71.5983
BIH,Bosnia and Herzegovina,High,ECA,74,72.3487,72.0887,51.7847,51.5189,67.2094,70.2839,73.4305,73.6865,73.9007,75.0764,74.4957,75.06,74.6115,75.7822,76.1329,75.42,76.2468,76.1609,76.8378,76.9764,77.0729,77.0069,77.1914,76.3304,75.6586,76.1819,76.8083,76.9349,77.0926,77.2412,76.2254,75.3003
BLR,Belarus,Very High,ECA,60,69.9347,69.7159,69.3996,68.6412,69.2323,68.7966,68.9011,68.6524,68.6405,68.375,69.1801,68.864,68.4835,68.939,69.4064,69.4163,69.9876,70.7622,70.9218,71.0939,71.1219,71.5165,72.6137,72.9891,73.5849,73.9874,74.258,74.4519,74.5676,74.216,72.5132,72.438
BLZ,Belize,Medium,LAC,123,70.7437,70.2484,69.9793,69.9882,70.3164,69.8874,69.8058,69.2118,68.5988,68.7734,68.5645,68.3572,68.7521,68.9091,69.227,69.3757,70.0932,70.6549,71.1507,71.8186,72.2716,72.6512,73.245,73.6661,73.3107,73.1866,73.3988,73.5624,73.7031,73.9313,72.854,70.4697
BOL,Bolivia (Plurinational State of),Medium,LAC,118,56.4221,57.0973,57.6287,58.4179,58.9886,59.5337,60.0837,60.7521,61.3317,61.8711,62.3461,62.8426,63.3064,63.6348,64.0041,64.3856,64.7793,65.0267,65.4459,65.8803,66.1624,66.5337,66.7046,67.0207,67.1632,67.3182,67.6277,67.7015,67.748,67.841,64.4667,63.6304
BRA,Brazil,High,LAC,87,65.9848,66.3096,66.7082,67.1092,67.5684,67.9191,68.409,68.8128,69.1885,69.5237,69.7367,70.1949,70.4103,70.7204,71.1307,71.7533,72.0373,72.3653,72.7153,72.9484,73.1821,73.3432,73.5517,73.9185,74.3058,74.3325,74.4415,74.8266,75.1095,75.3379,74.0089,72.7504
BRB,Barbados,High,LAC,70,72.7516,72.843,72.9152,73.1904,73.2113,73.2983,73.5458,73.5475,73.7278,74.0387,74.0891,74.2467,74.3656,74.4717,74.7268,74.8901,75.0683,75.3424,75.4471,75.678,75.7115,75.9166,76.0987,76.2752,76.4758,76.6502,76.8149,76.936,77.067,77.2569,77.3929,77.5714
BRN,Brunei Darussalam,Very High,EAP,51,71.6563,71.8711,72.0808,72.3118,72.5529,72.8161,73.0996,73.364,73.6188,73.8628,74.0801,74.2764,74.4256,74.5605,74.6497,74.7309,74.7829,74.818,74.84,74.8457,74.8492,74.858,74.8274,74.7992,74.7788,74.7498,74.7332,74.722,74.7118,74.7483,74.7949,74.6424
BTN,Bhutan,Medium,SA,127,55.9679,56.642,57.4231,58.1173,58.6353,59.5164,60.2116,60.8522,61.549,62.2301,62.0103,63.4443,64.0779,64.6962,65.2678,65.805,66.3617,66.9537,67.4991,67.897,68.4298,68.881,69.3261,69.7072,70.0486,70.3433,70.6022,70.8472,71.1286,71.3909,71.6094,71.815
BWA,Botswana,Medium,SSA,117,60.5327,59.4734,58.3482,57.7188,56.1542,55.0594,54.3573,53.4482,52.5226,51.6943,51.0109,50.6757,50.6324,50.9468,51.6168,52.6104,53.9182,55.732,57.1206,58.2791,60.0133,60.5302,60.8004,61.9958,62.6076,63.8183,65.4644,66.7526,65.4224,65.4636,65.6471,61.1409
CAF,Central African Republic,Low,SSA,188,49.6347,49.2516,48.7932,48.353,47.8529,47.35,46.8311,46.3192,46.0249,45.7504,45.406,45.3926,45.4092,45.76,46.0383,46.4331,46.8514,47.4262,48.0155,48.6476,49.2549,49.9482,50.6861,50.902,50.5655,52.793,53.4601,53.7207,54.3693,55.0253,54.6042,53.8947
CAN,Canada,Very High,,15,77.4308,77.5917,77.8501,77.7229,77.8991,78.0194,78.271,78.4642,78.6739,78.8851,79.2335,79.4507,79.568,79.7396,80.0332,80.1364,80.5466,80.5495,80.7388,81.0737,81.3469,81.5286,81.7221,81.8029,81.8545,81.9246,82.0434,82.0192,82.0508,82.3628,82.0471,82.6565
CHE,Switzerland,Very High,,1,77.3849,77.648,77.9437,78.2332,78.4942,78.5648,79.0489,79.2324,79.4749,79.7231,79.8335,80.2507,80.4431,80.532,81.0534,81.2338,81.5464,81.6988,81.9664,81.985,82.2831,82.5707,82.6158,82.6903,83.0849,82.8468,83.4452,83.4125,83.5615,83.7802,83.067,83.9872
CHL,Chile,Very High,LAC,42,72.574,73.5741,74.1354,74.1953,74.6139,74.6085,74.8988,75.5958,75.6695,76.0176,76.8695,76.7726,77.4445,77.3867,77.6161,78.0159,78.261,77.8258,78.4841,78.7409,78.5015,79.1099,79.0233,79.3391,79.4726,79.746,80.0794,80.3501,80.1334,80.3263,79.3769,78.9435
CHN,China,High,EAP,79,68.0052,68.1688,68.7345,69.2164,69.5201,70.008,70.2659,70.672,71.1721,71.4188,71.8807,72.6061,72.985,73.3714,73.7477,74.1111,74.5037,74.7619,74.8719,75.3434,75.5991,75.9032,76.1923,76.4523,76.7173,76.9771,77.2177,77.2476,77.7444,77.968,78.0766,78.2107
CIV,CÃ´te d'Ivoire,Medium,SSA,159,52.6026,52.323,52.1382,51.9249,51.7368,51.6104,51.5205,51.4487,51.1078,50.9574,50.8423,50.8098,50.8857,50.9543,51.3628,51.824,52.3554,52.9697,53.6532,54.3938,55.0225,55.5195,56.1579,56.7481,57.208,57.7624,58.0599,58.4805,58.8494,59.3185,59.0318,58.5983
CMR,Cameroon,Medium,SSA,151,54.8679,54.6577,54.4809,54.0615,53.5281,53.2218,52.8198,52.7367,52.582,52.6946,52.9317,53.1423,53.4148,53.8826,54.1779,54.3619,54.8564,55.1653,55.6548,56.1019,56.582,57.1331,57.7922,58.4761,58.9355,59.658,60.2333,60.8103,61.1798,61.5839,60.8328,60.3334
COD,Congo (Democratic Republic of the),Low,SSA,179,48.6006,48.9478,49.2436,49.5512,49.8841,50.411,49.3072,50.4021,49.6956,49.9448,51.7812,52.1162,52.3327,52.8266,53.426,53.9267,54.5338,54.9226,55.3386,55.8363,56.4167,57.0693,57.2484,57.7618,58.2963,58.49,59.0664,59.4114,59.9417,60.2757,59.7392,59.193
COG,Congo,Medium,SSA,153,55.9261,55.2431,54.663,54.1462,53.7383,53.644,53.4908,47.1899,50.8935,52.7573,53.682,54.3945,55.0878,55.9481,56.986,58.1255,58.8784,59.6433,60.4265,61.0883,61.6833,61.9924,62.317,62.6947,62.9502,63.2329,63.5765,63.76,64.0531,62.7467,63.7852,63.5187
COL,Colombia,High,LAC,88,68.644,68.8127,69.0381,69.3418,69.6132,69.9325,70.1885,70.4919,70.7378,70.9257,71.3201,71.502,71.9389,72.3606,72.6951,73.0814,73.468,73.8372,74.295,74.7418,75.0327,75.3198,75.5973,75.8267,76.0427,76.2573,76.4713,76.6456,76.7479,76.7523,74.7692,72.8296
COM,Comoros,Medium,SSA,156,55.8404,56.1941,56.733,57.2762,57.694,58.0146,58.3444,58.3899,58.4068,58.7809,58.7565,59.1631,59.0556,59.2578,59.4803,59.6041,59.8751,60.102,60.4747,60.8314,61.1233,61.5033,61.834,62.2244,62.5158,62.8956,63.2368,63.6254,63.9117,64.0684,64.1665,63.4174
CPV,Cabo Verde,Medium,SSA,128,65.0227,65.1762,65.318,65.3121,65.2504,64.0928,65.7627,66.3779,66.9928,67.5686,68.6183,69.9287,70.7054,71.4289,71.9991,72.6804,72.2394,72.8349,72.5077,73.0875,73.4986,74.2565,74.4838,75.059,75.24,74.6195,75.7423,76.5928,75.7331,76.0042,74.8077,74.0518
CRI,Costa Rica,Very High,LAC,58,76.6301,76.5905,76.6269,76.7029,76.67,76.5519,76.8042,77.0703,76.8963,77.1375,77.5857,77.5453,77.9833,78.072,78.3305,78.5053,78.5145,78.4621,78.4451,78.6721,78.6704,79.3477,79.2827,79.4034,78.7741,79.0857,79.4592,79.3769,79.4835,79.4272,79.277,77.0232
CUB,Cuba,High,LAC,83,74.0389,74.093,74.1615,74.2608,74.4106,74.6231,74.9026,75.2223,75.5639,75.8926,76.1831,76.4208,76.6124,76.7729,76.9116,77.0469,77.1788,77.3072,77.4294,77.5483,77.661,77.7597,77.8328,77.8698,77.8533,77.772,77.643,77.5286,77.4962,77.6112,77.5673,73.6829
CYP,Cyprus,Very High,,29,73.5387,73.7158,74.1774,74.6497,74.7201,75.1329,75.5217,75.8415,76.1824,76.2948,76.568,76.9889,77.4873,77.7879,77.9435,78.1008,78.3708,78.8103,78.9812,79.4006,79.665,79.9991,80.1094,80.4016,80.7706,80.9665,81.0563,81.328,81.382,81.397,81.3905,81.2033
CZE,Czechia,Very High,,32,71.4087,71.9702,72.33,72.853,73.082,73.1775,73.8348,73.9464,74.5531,74.7421,74.9787,75.315,75.4435,75.3972,75.9432,76.1585,76.7109,76.9217,77.1743,77.2598,77.5703,77.8191,78.0058,78.1796,78.755,78.58,78.9967,78.9557,79.0039,79.2433,78.5746,77.7283
DEU,Germany,Very High,,9,75.3588,75.5759,76.0187,76.0959,76.3931,76.5619,76.7922,77.2259,77.5768,77.8056,78.0637,78.4095,78.4827,78.5443,79.1263,79.2618,79.5906,79.7412,79.8261,79.9248,80.0864,80.36,80.5058,80.4633,80.9151,80.5742,80.8471,80.9442,81.1717,81.5584,81.1472,80.6301
DJI,Djibouti,Low,AS,171,55.4983,55.1564,54.4515,55.7737,55.5053,56.3016,56.1862,55.9665,56.1757,56.4268,56.5734,56.9027,57.2147,57.5946,57.7594,58.316,58.7153,59.0242,59.3653,59.6727,60.2587,60.4329,60.8479,61.2212,61.6411,61.957,62.1908,62.7966,63.0381,63.0854,62.6943,62.3049
DMA,Dominica,High,LAC,102,69.852,69.6458,70.2817,70.9373,71.0757,71.5203,71.194,71.6344,71.4715,70.6314,72.6932,71.7132,72.3395,71.4384,72.401,72.2543,72.8479,71.9301,73.3054,72.1702,71.5499,69.6948,70.5383,68.8962,69.4342,68.7266,70.1284,67.5253,73.59,73.5588,73.649,72.814
DNK,Denmark,Very High,,6,74.8636,75.2256,75.2672,75.1877,75.4394,75.2856,75.6623,76.0397,76.4343,76.5763,76.8137,76.9721,77.0973,77.3992,77.7836,78.2243,78.2218,78.348,78.7134,78.9565,79.2459,79.7845,80.0807,80.3042,80.6302,80.738,80.8803,81.1112,80.99,81.4337,81.5449,81.3753
DOM,Dominican Republic,High,LAC,80,67.1102,67.6254,68.0842,68.4715,68.7917,68.9884,69.0969,69.1664,69.0964,69.2794,69.4232,69.6416,69.923,70.2649,70.3305,70.8752,71.1654,71.371,71.6577,71.871,72.0933,72.2212,72.5142,72.7127,72.8665,72.9531,72.9867,73.0629,73.2323,73.5767,72.8894,72.6146
DZA,Algeria,High,AS,91,67.416,67.6875,67.7571,67.7195,67.3614,67.4544,68.7493,69.1706,69.4506,70.0316,70.4779,70.8233,71.2296,71.2868,71.7617,72.0612,72.3336,72.6019,72.9405,73.6196,73.8081,74.1234,74.2024,74.6153,75.11,75.622,75.7318,75.7428,76.0656,76.4742,74.4528,76.3767
ECU,Ecuador,High,LAC,95,69.3477,69.6253,70.1172,70.3451,70.7571,71.0408,71.362,71.6815,72.045,72.4634,72.8394,73.2395,73.6134,73.9751,74.2788,74.5144,74.689,74.8445,74.983,75.1841,75.4301,75.7425,76.0616,76.3694,76.6221,76.7893,76.7634,76.9725,77.0938,77.2971,72.1535,73.67
EGY,Egypt,High,AS,97,64.1459,64.7553,65.0305,65.4677,65.8155,66.312,66.7418,67.1967,67.4709,67.737,68.0074,68.3083,68.5635,68.4021,68.613,68.7786,68.9773,69.128,69.3186,69.48,69.6638,69.8805,70.0848,70.0521,70.4151,70.4831,70.8435,71.3019,71.3669,71.3575,70.9905,70.2207
ERI,Eritrea,Low,SSA,176,49.7688,50.6074,52.4652,53.2341,54.0998,54.9137,55.7564,56.3119,49.1576,43.3974,56.1105,58.2983,58.8113,59.4086,59.8987,60.5968,61.6108,62.1161,62.5731,63.3284,63.7866,64.4017,64.8385,65.0665,65.5995,66.0333,66.2893,66.5773,67.0675,67.2996,67.1334,66.5358
ESP,Spain,Very High,,27,77.0017,77.1299,77.5904,77.7302,78.1166,78.2029,78.3417,78.8534,78.9428,78.9478,79.4172,79.7444,79.8238,79.7548,80.3362,80.3283,80.9725,80.9803,81.2902,81.6408,82.0214,82.1974,82.2112,82.7199,82.858,82.6464,83.0411,83.0295,83.1436,83.5321,82.2892,83.01
EST,Estonia,Very High,,31,69.8312,69.712,69.3445,68.5792,67.8846,68.7257,70.1448,70.732,70.2171,71.1147,71.3298,71.4185,71.8708,72.1579,72.6438,73.1971,73.4792,73.6051,74.412,75.1919,75.7485,76.4681,76.5454,77.1272,77.1406,77.6563,77.8201,77.976,78.1395,78.6693,78.3431,77.1436
ETH,Ethiopia,Low,SSA,175,44.5567,46.1304,46.9015,47.394,47.8607,48.3016,48.9236,49.5138,49.9272,49.4248,50.5378,51.0426,51.5171,52.5326,53.2348,54.0085,55.1491,56.4264,57.5916,58.8043,59.73,60.7206,61.5431,62.3734,62.9046,63.6492,64.3919,64.8383,65.4117,65.8377,65.3705,64.9748
FIN,Finland,Very High,,11,74.9893,75.4071,75.6469,75.8849,76.5748,76.6039,76.8696,77.0641,77.2591,77.4508,77.6712,78.1422,78.2698,78.5333,78.846,78.9713,79.3729,79.3907,79.695,79.831,80.0117,80.3915,80.5008,80.8831,81.0125,81.4178,81.2915,81.4976,81.6266,81.8706,81.8657,82.0381
FJI,Fiji,High,EAP,99,65.5076,65.6434,65.8269,65.9283,66.1246,66.2856,66.4078,66.4478,66.68,66.7627,66.31,66.3399,65.7482,66.1775,66.4243,66.6325,66.8553,66.8261,66.9346,67.0888,67.3276,67.5234,67.5515,67.428,67.3764,66.8436,67.2395,67.7904,67.8096,67.8933,67.9244,67.114
FRA,France,Very High,,28,76.8335,77.0143,77.2958,77.348,77.7678,77.8713,78.0613,78.4254,78.5885,78.7505,79.0472,79.2235,79.4129,79.421,80.3393,80.3394,80.7483,80.9672,81.049,81.1777,81.4275,81.813,81.774,82.0159,82.4761,82.1857,82.4372,82.4732,82.5909,82.7315,82.2104,82.4988
FSM,Micronesia (Federated States of),Medium,EAP,134,67.425,67.619,67.832,68.0589,68.0954,68.5528,68.7764,69.2293,69.465,69.7064,69.769,70.4791,69.4595,70.7605,70.8382,70.8844,71.0932,71.0599,71.1373,71.1122,71.2328,71.318,71.3981,71.4985,71.5287,71.4079,71.5954,71.4666,71.3183,71.0771,70.674,70.71
GAB,Gabon,High,SSA,112,60.3109,60.3968,60.5447,60.7183,60.7012,60.704,60.6118,60.662,60.7897,60.8487,61.069,61.2697,61.2916,61.6706,61.8378,61.9594,62.3746,62.6183,63.0829,63.3032,63.8977,64.0453,64.5871,64.7765,64.9743,65.4599,65.8025,66.1889,66.3064,66.6028,66.5305,65.821
GBR,United Kingdom,Very High,,18,75.7359,75.9098,76.3063,76.1627,76.7221,76.6164,76.8748,77.1418,77.277,77.3757,77.8525,78.1239,78.2411,78.334,78.9045,79.1116,79.355,79.5424,79.6652,80.1668,80.4008,80.8046,80.8659,80.9291,81.1602,80.9238,81.0747,81.1684,81.1254,81.725,80.4345,80.7422
GEO,Georgia,Very High,ECA,63,68.389,68.2447,67.783,67.6557,68.5539,68.8509,68.9738,69.0587,69.1015,69.3194,69.5754,69.6063,70.0244,70.3327,70.5674,71.13,71.394,71.5679,71.3323,71.9498,72.1277,72.3902,72.412,72.6284,73.0993,73.2972,73.5692,73.5701,73.3414,73.4696,72.7653,71.694
GHA,Ghana,Medium,SSA,133,55.6196,56.0118,56.2313,56.416,56.1124,56.5652,56.8201,57.1989,57.6003,58.0302,58.195,58.1072,58.6079,59.1108,59.1914,59.7601,59.9883,60.2243,60.49,60.946,61.1571,61.6517,62.0805,62.4205,63.0447,63.1752,63.8902,64.0131,64.122,64.7401,64.114,63.7954
GIN,Guinea,Low,SSA,182,47.0044,47.5456,48.3626,48.9617,49.1711,49.8658,50.544,51.3556,52.0487,52.3565,52.4794,52.6624,53.2782,53.6779,54.1165,54.6316,55.1082,55.5526,56.044,56.3481,56.7197,57.0191,57.4064,57.7906,57.8858,58.1336,58.7625,59.1093,59.3491,59.7199,59.3273,58.8922
GMB,Gambia,Low,SSA,174,51.3185,52.1265,52.9408,53.748,54.7206,55.464,56.009,56.06,56.5543,56.8155,56.9421,57.0432,57.0798,57.5864,58.0878,58.3935,59.0596,59.3935,60.0817,60.4267,60.7166,61.5257,62.0961,62.1138,62.2688,62.494,63.0127,62.9955,63.04,63.7549,62.6125,62.083
GNB,Guinea-Bissau,Low,SSA,177,47.084,47.4654,47.9205,48.2284,48.156,48.9516,49.0648,47.9974,47.7161,48.0061,50.1209,50.445,50.9855,51.405,52.1496,52.2492,53.3712,54.155,54.6462,55.5415,56.2295,56.9667,57.6901,58.2324,58.6096,59.1282,59.6739,60.0665,60.5016,60.8818,59.9988,59.6523
GNQ,Equatorial Guinea,Medium,SSA,145,50.8598,50.9695,51.1127,51.3077,51.4151,51.5915,51.7268,52.0606,52.3822,52.7524,53.2264,53.6364,54.0851,54.5812,55.0363,55.4644,56.0459,56.5398,57.0742,57.4312,57.8777,58.4121,58.8646,59.2236,59.5947,60.1032,60.4786,60.8205,61.1914,61.6444,60.7083,60.5943
GRC,Greece,Very High,,33,77.2959,77.3694,77.282,77.654,77.8029,77.8214,77.9568,78.3187,78.2311,78.3498,78.3771,78.8359,78.9691,79.0293,79.2893,79.5899,79.7073,79.612,80.049,80.2994,80.5102,80.5469,80.3409,80.9738,81.007,80.6676,81.1617,80.8501,81.3907,81.2489,80.9092,80.1106
GRD,Grenada,High,LAC,68,70.6834,70.9738,71.291,71.5761,71.7856,72.1095,72.3312,72.5677,72.8047,72.9026,72.7829,73.1181,73.167,73.1875,71.7876,73.5214,73.7004,74.3165,74.6558,75.0363,74.9988,75.2947,75.0416,75.1161,74.985,75.0125,74.7622,74.7652,74.8076,74.8632,74.9238,74.9362
GTM,Guatemala,Medium,LAC,135,62.4728,62.7252,62.9135,63.3495,63.726,64.1954,64.8632,65.5357,66.1137,66.8686,67.4459,67.9464,68.3865,68.7969,69.1648,69.1675,69.8124,70.1002,70.3556,70.6414,70.8783,71.1769,71.463,71.728,71.9638,72.103,72.3547,72.5506,72.7257,73.1289,71.7969,69.2368
GUY,Guyana,High,LAC,108,62.4149,62.6219,62.787,63.1518,63.3717,63.1358,63.2051,63.3564,63.8996,64.1698,64.4833,64.7882,64.7275,64.6003,64.9305,65.132,65.6666,66.2535,66.288,66.5625,66.743,66.9818,67.2298,67.4727,67.8818,68.2015,68.384,68.6668,68.8959,69.1239,68.4858,65.6734
HKG,"Hong Kong, China (SAR)",Very High,,4,77.4724,77.6981,78.0148,78.3262,78.7323,79.1505,79.4717,79.7453,80.1369,80.3446,80.7461,81.1114,81.2536,81.2243,81.4125,81.7707,82.0112,82.2309,82.3626,82.5886,82.993,83.2321,83.561,83.8058,84.0767,84.2888,84.539,84.8988,85.2456,85.2735,85.1968,85.4734
HND,Honduras,Medium,LAC,137,65.2428,65.7522,65.9909,66.2507,66.5743,67.139,67.4389,67.7772,62.7208,68.4216,68.6618,69.0061,69.3664,69.5071,69.7957,70.1041,70.2608,70.3765,70.4414,70.9113,71.0884,71.4386,71.7344,71.9629,72.2594,72.4871,72.5878,72.6918,72.8141,72.8811,71.4619,70.1229
HRV,Croatia,Very High,,40,72.2502,70.4879,72.7094,73.2173,73.7818,73.1864,73.9103,73.8463,73.9063,74.1188,74.5836,74.6436,74.7357,74.611,75.5016,75.4083,75.9889,75.8596,76.2096,76.3923,76.8049,77.2222,77.3401,77.8427,77.9533,77.5599,78.2314,78.0832,78.337,78.7376,77.9845,77.5804
HTI,Haiti,Low,LAC,163,52.9753,53.3907,53.842,54.3505,54.653,55.5471,56.1543,56.5164,57.1349,57.9606,58.3652,58.4886,58.8545,59.5065,58.4755,60.4153,60.7632,61.103,61.3322,61.7409,46.0185,61.6227,62.2915,62.6047,62.9875,63.2372,63.3922,63.8538,64.0188,64.2546,64.0518,63.1924
HUN,Hungary,Very High,,46,69.3715,69.4407,69.1671,69.1803,69.6044,69.9689,70.5973,71.0035,70.9185,71.04,71.7579,72.3942,72.5074,72.5137,72.906,72.8648,73.3444,73.4316,73.9576,74.1794,74.5192,74.9232,75.1808,75.6809,75.8474,75.6517,76.1552,76.0055,76.2039,76.4543,75.7297,74.5301
IDN,Indonesia,High,EAP,114,63.1807,63.5371,64.1264,64.5981,64.8562,65.2375,65.355,65.7331,65.9621,66.2206,66.4334,66.7577,67.1336,67.4126,65.7503,67.6492,67.9144,68.1893,68.2261,68.4936,68.6793,68.8228,68.973,69.2641,69.5333,69.6989,69.7976,69.9356,70.3375,70.5184,68.8077,67.5703
IND,India,Medium,SA,132,58.6516,59.0547,59.4524,59.8152,60.2158,60.5962,60.9841,61.3876,61.7919,62.2069,62.6693,63.0913,63.616,64.0942,64.5244,64.9955,65.4123,65.7884,66.149,66.5132,66.9086,67.359,67.8872,68.4598,69.0736,69.6363,70.1167,70.4672,70.7095,70.9098,70.1499,67.2398
IRL,Ireland,Very High,,8,74.8418,75.031,75.4278,75.2942,75.8013,75.4783,75.83,75.98,76.1889,76.094,76.5423,77.1087,77.5999,78.1107,78.5126,78.9162,79.1518,79.5547,79.7625,80.0461,80.5226,80.6332,80.7523,80.9675,81.3067,81.4163,81.5498,81.9168,82.0863,82.2586,82.4699,81.9976
IRN,Iran (Islamic Republic of),High,SA,76,64.3665,66.4589,66.7765,67.139,67.4684,67.7846,68.0696,68.359,68.73,69.2974,69.6909,69.9546,70.4454,69.8231,71.3703,71.8384,72.2761,72.772,72.6244,72.6979,73.0691,73.6786,74.186,74.4493,74.7825,75.1239,75.6,75.9712,76.195,76.1031,74.832,73.8749
IRQ,Iraq,Medium,AS,121,58.4355,62.519,66.7077,66.8969,66.7442,66.4641,66.3907,65.8372,65.4859,66.1816,66.8171,67.0339,67.0836,65.6427,65.0307,64.8438,63.5873,63.5527,64.9421,66.4457,67.0622,67.659,68.0232,68.2534,68.9136,69.4403,68.9878,70.4126,71.5143,71.5764,69.1228,70.3779
ISL,Iceland,Very High,,3,78.1628,77.8361,78.6183,78.7296,79.166,78.2237,78.6165,78.9938,79.4529,79.2297,79.8915,80.7039,80.5426,80.7763,80.9788,81.2416,81.2385,81.3511,81.3883,81.5565,81.7003,82.178,82.5564,81.9289,82.6133,82.3508,82.03,82.5352,82.7703,82.4042,82.5755,82.6782
ISR,Israel,Very High,,22,77.1942,77.0002,76.869,77.4502,77.6892,77.6352,78.2791,78.2718,78.4402,78.6971,78.9276,79.3448,79.2593,79.6242,80.1467,80.2171,80.5057,80.6651,81.0552,81.5756,81.7443,81.7274,81.7346,82.1154,82.2236,82.0999,82.4854,82.7195,82.8232,82.8123,82.3598,82.255
ITA,Italy,Very High,,30,76.9909,76.9891,77.3642,77.6524,77.8724,78.1161,78.4367,78.7334,78.8062,79.2044,79.6072,79.8859,80.1136,80.1929,81.0199,81.023,81.4169,81.5029,81.6466,81.7633,82.1371,82.235,82.2588,82.6599,82.908,82.5255,83.0492,82.7282,83.1847,83.552,82.3953,82.8502
JAM,Jamaica,High,LAC,110,72.3041,72.1862,72.1885,71.9215,71.7391,71.5487,71.4877,71.2066,70.9904,70.9677,70.9442,70.758,70.8882,70.8062,70.8603,71.0438,71.1993,71.4179,71.6122,72.1238,72.6219,73.0942,73.4335,73.4119,72.982,72.394,72.0198,71.9114,71.793,71.767,71.8686,70.5003
JOR,Jordan,High,AS,102,69.8538,70.0929,70.3163,70.518,70.6986,70.8699,71.0643,71.2725,71.4744,71.694,71.9178,72.1467,72.3585,72.5734,72.7725,72.9321,73.1449,73.3728,73.591,73.8014,73.9996,74.1891,74.3659,74.5621,74.7889,75.0112,75.2153,75.5018,75.7743,76.044,75.1843,74.2563
JPN,Japan,Very High,,19,78.9838,79.2519,79.2918,79.4342,79.8238,79.6702,80.3493,80.5718,80.6402,80.6079,81.1759,81.509,81.7953,81.8558,82.1309,82.012,82.3765,82.5544,82.6382,82.9742,82.9193,82.6756,83.1755,83.4107,83.6525,83.8928,84.0664,84.1976,84.2971,84.4258,84.6879,84.7839
KAZ,Kazakhstan,Very High,ECA,56,64.8758,64.4876,64.1593,64.1985,63.9631,63.7216,63.6327,63.7105,63.8123,63.9854,64.1781,64.3676,64.2693,64.5543,64.8566,65.117,65.627,65.928,66.7018,67.2789,68.1157,68.7452,69.1295,69.8136,70.3334,70.7265,70.8984,71.3958,71.4717,71.5675,70.0304,69.3622
KEN,Kenya,Medium,SSA,152,58.6145,58.0052,57.2589,56.6168,56.2727,55.617,55.1612,54.816,54.5264,54.4948,54.4112,54.5079,54.9896,55.601,56.3615,57.344,58.2222,58.8651,59.6141,60.3649,60.649,61.0458,61.1152,61.3891,61.8162,61.8922,62.1632,62.4808,62.6765,62.9432,62.6755,61.427
KGZ,Kyrgyzstan,Medium,ECA,118,64.2722,64.2799,64.0521,63.8221,63.7475,63.927,64.276,64.5854,65.1138,65.5818,65.3982,65.7632,65.8621,66.1857,66.2967,66.3854,66.7778,67.0064,67.2492,67.7835,68.254,68.5778,68.9933,69.2173,69.8862,69.9963,70.2761,70.5877,70.728,71.2301,69.6291,69.9774
KHM,Cambodia,Medium,EAP,146,55.4341,55.7927,56.0214,56.0803,56.0355,56.3076,56.3458,56.7434,57.0275,57.69,58.6253,59.9664,61.2262,62.5229,63.5524,64.2933,65.0593,65.7314,66.4698,67.4439,67.7123,68.4163,68.9149,69.3042,69.7364,69.8725,70.2244,70.5153,70.5609,70.6923,70.416,69.5835
KIR,Kiribati,Medium,EAP,136,60.9174,61.4222,61.8931,62.321,62.6973,63.0135,63.2909,63.5751,63.854,64.136,64.4091,64.655,64.8402,64.9539,64.9893,64.9666,64.9058,64.8436,64.8335,64.8924,65.0161,65.1901,65.3776,65.5884,65.8147,66.0589,66.3316,66.5965,66.8545,67.1497,67.2659,67.4172
KNA,Saint Kitts and Nevis,High,LAC,75,65.1875,66.1495,66.9718,67.5802,67.2936,67.1523,67.3127,67.8525,67.6902,68.7088,69.7815,70.1995,70.4518,70.7676,71.303,71.3616,71.2885,71.3668,71.3738,71.3927,71.2705,71.5378,71.669,71.457,70.9659,70.763,71.7405,71.8399,71.4671,71.5717,71.6266,71.6822
KOR,Korea (Republic of),Very High,,19,71.9401,72.4207,72.9564,73.283,73.6111,73.9409,74.2757,74.9707,75.4636,76.0027,76.4661,77.2697,77.5435,77.5473,78.006,78.5192,79.0754,79.48,80.0441,80.5759,80.763,81.2098,81.3473,81.8637,82.3781,82.5605,82.9259,83.2855,83.3427,83.6557,83.6089,83.6978
KWT,Kuwait,Very High,AS,50,73.2805,74.2164,75.6914,75.7944,75.7633,75.5368,75.6184,75.8787,76.1569,76.4159,76.722,76.8915,76.9822,76.9848,76.7924,76.9027,76.8868,77.0168,77.1455,77.4416,77.9817,78.4636,78.8118,79.1641,79.4449,79.5624,79.7011,79.7806,79.7217,79.685,76.9198,78.6729
LAO,Lao People's Democratic Republic,Medium,EAP,140,53.7128,54.4604,54.9521,55.4349,55.7495,56.3851,56.8905,57.2917,57.6646,57.8728,58.3779,59.0698,59.5342,60.0314,60.2929,60.9802,61.4929,62.0844,62.6029,63.2726,63.9731,64.7362,65.3554,65.7182,66.3605,66.67,67.1667,67.4344,67.6341,68.1382,68.4968,68.0608
LBN,Lebanon,High,AS,112,64.4747,71.1761,71.1924,71.3824,71.6808,72.0432,72.2931,72.7779,72.9436,73.4905,73.9309,74.3648,75.0642,75.5932,75.9761,76.2726,76.0796,77.0801,77.5844,77.8892,78.1559,78.4036,78.6284,78.7652,78.9727,79.2294,79.5054,79.6543,79.729,79.2359,77.8038,75.0472
LBR,Liberia,Low,SSA,178,36.6883,42.795,42.7378,42.1661,41.7956,43.9166,44.4188,47.8468,48.9009,49.9526,51.356,52.7518,53.7879,53.0424,56.0131,56.9117,57.6199,58.2845,58.7717,59.1942,59.4331,59.6198,59.9128,59.9426,59.1208,59.1485,60.4162,60.5535,60.8532,61.1044,60.9476,60.7472
LBY,Libya,High,AS,104,69.4231,69.8204,70.2324,70.4202,70.7063,71.0895,71.2843,71.1292,71.0788,71.0585,70.6804,70.8611,71.004,71.1322,71.4896,71.5917,71.7237,71.8628,72.2687,72.3555,72.3741,70.0707,72.2473,72.3397,71.5114,71.6982,71.756,72.4818,72.7938,72.4634,72.4722,71.9112
LCA,Saint Lucia,High,LAC,106,70.3261,70.6019,70.799,71.1142,70.9915,71.0024,70.9038,70.7747,70.6904,70.7094,70.7678,71.1345,71.472,71.7707,72.0276,72.2445,72.4654,72.5985,72.6977,72.7222,72.7196,72.944,72.8821,72.7353,72.8638,73.1381,73.1116,73.1275,73.3569,73.4449,73.416,71.1114
LIE,Liechtenstein,Very High,,16,75.8628,76.5068,77.2209,76.6858,78.6279,77.5759,76.8357,76.0915,77.8321,79.2801,76.9804,79.4788,79.8533,80.1791,82,80.8225,81.16,81.5032,82.8849,81.6802,81.9987,81.9326,82.4981,82.425,82.2187,82.8061,82.3932,83.8916,83.1462,84.3094,82.797,83.2575
LKA,Sri Lanka,High,SA,73,71.9268,71.7512,72.5298,73.052,72.8818,72.2601,72.2615,72.1364,72.081,72.6183,70.355,70.7866,71.1165,71.3726,67.0914,72.1182,71.9693,72.0488,71.7288,69.1873,73.215,73.38,73.9058,74.2388,74.6508,74.9275,75.3314,75.4035,75.748,76.0084,76.3929,76.3991
LSO,Lesotho,Low,SSA,168,59.3983,59.1931,58.555,57.9912,58.0183,56.7232,55.2321,53.5942,51.7833,50.0806,48.4266,46.8493,45.5946,44.5296,43.7108,43.2325,42.9136,43.1225,43.5657,44.034,45.5955,46.6919,47.8354,49.0024,50.0327,51.1014,52.2641,53.0636,53.733,54.1726,54.6933,53.062
LTU,Lithuania,Very High,,35,71.0085,70.5662,70.4432,68.9906,68.9107,69.3271,70.2314,70.9131,71.1886,71.5625,72.0888,71.7902,71.8008,72.1439,72.228,71.7418,71.5768,71.5366,72.417,73.1775,73.4236,73.9256,74.2029,74.3116,74.8426,74.6103,74.8816,75.4399,75.6767,76.2119,75.0676,73.7201
LUX,Luxembourg,Very High,,17,75.6045,75.8332,75.3879,75.9415,76.4662,76.7049,76.597,76.8887,77.0021,77.621,77.8112,78.1614,78.3607,77.7679,79.2197,79.4015,79.4147,79.4774,80.4718,80.6129,80.5731,80.7663,80.9818,81.3663,81.7343,81.8384,82.0535,81.734,81.8035,82.1434,81.4335,82.6287
LVA,Latvia,Very High,,39,69.1956,69.1698,68.7405,67.2309,66.2332,67.015,68.9333,69.3086,69.1628,69.9127,70.2517,70.0696,70.3509,70.6236,70.9252,70.7781,70.877,71.0566,72.0358,72.754,72.9538,73.6934,73.7447,74.1825,74.4319,74.6854,74.7535,74.8054,75.0012,75.5337,75.4526,73.5786
MAR,Morocco,Medium,AS,123,62.4478,62.9464,63.4015,63.8721,64.3461,64.7358,65.2381,65.6293,66.0176,66.4062,66.7869,67.1798,67.5468,67.915,68.231,68.7039,69.1282,69.604,70.0481,70.4578,70.8288,71.2691,71.6789,72.1223,72.5377,72.9197,73.284,73.6603,73.9863,74.2705,73.9199,74.0419
MCO,Monaco,,,,75.8078,76.3011,76.8424,77.4391,78.1133,78.7799,79.4195,80.0605,80.5857,81.085,81.5659,82.0539,82.5074,83.2861,84.2292,84.8081,84.6351,83.9201,83.1918,84.2081,84.6304,85.6032,84.5293,84.8656,84.8804,85.2585,85.7228,85.6525,86.4643,86.5424,86.538,85.9463
MDA,Moldova (Republic of),High,ECA,80,68.0673,66.9771,66.9605,66.5434,65.0701,65.0985,64.2414,65.1717,65.5054,65.5609,66.4168,66.7866,66.9379,67.4194,67.8612,68.1689,68.4794,68.9471,69.3936,69.5732,69.3569,69.1919,69.1431,69.0988,69.0307,69.2396,69.9169,70.5155,70.4916,70.9351,70.1665,68.8459
MDG,Madagascar,Low,SSA,173,51.7009,52.3566,53.0386,53.906,54.4362,54.9612,55.522,56.2233,56.9169,57.3717,57.9382,58.5702,58.8925,59.491,60.1487,60.5697,61.3152,61.7571,62.1418,62.7343,62.8729,63.4942,63.5436,63.9616,64.2553,64.339,64.9969,65.0938,65.2697,65.8821,65.182,64.4853
MDV,Maldives,High,SA,90,63.5777,64.3044,65.0067,65.7392,66.5106,67.476,68.7023,69.2255,69.5716,70.0878,70.8759,72.1809,73.2915,74.0602,73.5379,74.7506,75.1296,75.6858,76.5428,77.0689,77.6573,78.1245,78.6822,79.0566,79.424,79.6953,79.872,79.9429,80.0132,80.116,79.8747,79.9182
MEX,Mexico,High,LAC,86,69.9707,70.2977,70.6161,70.9423,71.2787,71.6457,72.0369,72.4454,72.8448,73.2249,73.5692,73.8668,74.1059,74.2743,74.372,74.3765,74.3313,74.2384,74.1524,74.119,74.1901,74.3651,74.574,74.7391,74.7974,74.6822,74.4122,74.1378,74.0146,74.2021,70.1328,70.2127
MHL,Marshall Islands,Medium,EAP,131,62.1758,62.2817,62.3834,62.4759,62.5584,62.774,63.0339,63.2253,63.3636,63.48,63.2748,63.6425,63.7195,63.7451,63.6954,63.5852,63.4894,63.3597,63.2355,63.2295,63.2261,63.2558,63.3733,63.4642,63.6229,63.8274,64.0569,64.2696,64.5001,64.7458,64.977,65.2688
MKD,North Macedonia,High,ECA,78,71.1968,71.8149,71.2002,71.88,71.491,71.6738,72.2347,72.2737,72.4047,72.7739,72.8567,73.233,73.1458,73.3865,73.7816,73.7446,73.9988,73.9042,74.5326,74.7186,75.1187,75.1869,75.1399,75.8657,75.9347,75.9814,76.0296,76.4766,77.3142,77.2928,75.1677,73.8415
MLI,Mali,Low,SSA,186,46.6204,47.2164,47.4957,47.7325,47.7415,47.8157,47.7916,48.5312,49.1643,49.7966,50.5393,51.2838,52.2222,52.8926,53.5385,54.0029,54.6149,54.9411,55.2907,55.8745,56.3817,56.7553,57.0792,57.3567,57.9003,58.3632,58.7313,59.1322,59.3934,59.6637,58.6331,58.9414
MLT,Malta,Very High,,23,75.9846,75.4583,75.3819,76.6963,76.6209,77.0909,76.1885,77.3231,77.7172,77.8655,77.58,79.015,78.4667,78.7634,79.1944,79.6465,79.7788,80.0877,80.0945,80.676,81.8134,81.1465,81.3905,82.0149,82.7362,82.9621,83.1107,83.5867,83.3448,83.2065,83.3545,83.7769
MMR,Myanmar,Medium,EAP,149,56.6607,57.0135,57.2511,57.6313,57.9564,58.259,58.9408,59.2429,59.7936,59.8806,60.1546,60.4159,60.7248,60.9803,61.2496,61.5985,61.8931,62.3709,56.5056,63.1547,63.3294,63.9007,64.1412,64.8148,65.0563,65.5613,65.685,65.843,66.4646,66.6104,66.797,65.6716
MNE,Montenegro,Very High,ECA,49,75.5211,75.5333,74.3526,74.6517,73.3894,74.1951,73.5833,73.5693,73.3662,72.7553,73.9793,74.2326,74.0432,74.0749,74.6954,74.262,74.0494,74.5255,75.305,75.2687,76.1387,76.0684,76.3268,76.6085,76.7465,76.7561,76.7462,76.9388,77.1595,77.0396,76.2575,76.3426
MNG,Mongolia,High,EAP,96,58.7649,59.2369,59.6413,60.038,60.4048,60.6125,60.305,60.8154,61.7647,62.5293,62.8821,63.2786,63.5178,64.2078,64.7955,64.8787,65.5128,65.9701,66.3821,66.7658,67.1822,67.4393,68.1114,68.5854,69.0472,69.4977,69.8647,70.2375,71.1992,71.8221,72.141,70.9754
MOZ,Mozambique,Low,SSA,185,44.469,44.6596,44.9492,45.3543,45.6065,46.04,46.6362,47.4078,48.0241,48.812,49.4912,50.0653,50.5895,50.8696,51.2495,51.561,51.961,52.5664,53.1639,53.7876,54.1984,54.869,55.6387,56.4919,57.2742,58.1509,59.038,59.7709,60.5261,61.1662,61.1722,59.3247
MRT,Mauritania,Medium,SSA,158,59.7696,59.9361,60.2614,60.379,60.3358,60.259,60.0633,60.4521,60.6093,60.8187,61.0282,61.1852,61.2679,61.3473,61.5931,61.656,61.8909,62.2285,62.399,62.8005,63.1049,63.3456,63.5779,63.9106,64.1546,64.4847,64.7679,65.0827,65.31,65.6869,64.5321,64.3636
MUS,Mauritius,Very High,SSA,63,69.3874,70.0994,70.2878,70.2711,70.3387,70.5263,70.4176,70.6451,70.7884,71.3651,71.6366,71.8868,72.0109,72.2796,72.4841,72.6748,72.8912,73.0795,73.3384,73.6335,73.9987,74.2406,74.368,74.7117,74.8523,74.9754,75.0114,74.8812,74.9194,75.1179,74.3306,73.5552
MWI,Malawi,Low,SSA,169,43.3227,43.3124,43.4126,43.3876,43.5613,43.6414,43.4408,43.1312,42.8479,43.568,44.5181,45.895,47.2214,48.79,50.4534,52.0445,53.2377,53.946,54.6036,55.4476,56.3806,57.4547,58.6786,59.7288,60.8991,61.3781,62.2093,62.9769,63.2758,64.1188,63.7167,62.9044
MYS,Malaysia,Very High,EAP,62,71.3071,71.4417,71.5257,71.8256,72.1627,72.3838,72.3266,72.2836,72.1684,72.2828,72.7755,73.3439,73.5627,73.7964,73.8985,74.0959,74.1642,74.2109,74.2502,74.2266,74.4423,74.7459,74.944,75.0348,75.1459,75.0942,75.2888,75.4763,75.6444,75.7603,75.9378,74.8839
NAM,Namibia,Medium,SSA,139,62.4964,62.0982,61.5449,60.8596,59.8463,58.634,56.9178,55.5576,54.1014,53.036,51.9903,51.2604,51.2539,51.0832,51.2464,51.7866,52.6551,53.6799,54.6529,55.4959,56.0153,56.553,57.64,58.6938,59.8217,60.7002,61.6825,62.2931,62.5859,63.075,62.829,59.269
NER,Niger,Low,SSA,189,41.8517,42.2176,42.9473,43.8172,44.7137,45.7738,46.6763,47.5053,48.1905,48.7377,49.3216,49.8407,50.5616,51.4344,52.5891,53.59,54.5965,55.5533,56.508,57.3961,58.3668,58.9941,59.6498,60.239,60.786,61.0827,61.6288,62.1599,62.4544,62.8967,61.4506,61.5763
NGA,Nigeria,Low,SSA,163,46.0374,45.6908,45.6678,45.7879,45.5132,45.487,45.5666,45.7924,46.0363,46.6139,47.1928,47.6187,47.9285,48.4405,48.7672,49.297,49.7305,50.033,50.2251,50.7124,50.9448,51.3573,51.4973,51.7068,51.7911,51.8413,52.0427,52.3052,52.5536,52.9104,52.887,52.676
NIC,Nicaragua,Medium,LAC,126,63.0963,63.9307,64.2657,64.6846,65.1813,65.6078,66.0519,66.515,65.2092,67.1202,67.2335,67.2145,67.1799,67.2174,67.4233,67.9359,68.7246,69.5595,70.5863,71.4328,72.009,72.4162,72.6148,72.7044,72.8121,72.983,73.2562,73.5536,73.8497,74.0543,71.7954,73.8368
NLD,Netherlands,Very High,,10,77.0067,77.1564,77.3595,77.0352,77.5128,77.5454,77.5498,77.9245,77.9971,77.9601,78.1222,78.3304,78.4046,78.6571,79.2308,79.4797,79.8376,80.2452,80.3766,80.66,80.8186,81.0999,81.0495,81.2919,81.6425,81.4821,81.547,81.7291,81.7741,82.0455,81.6381,81.6873
NOR,Norway,Very High,,2,76.5865,77.0382,77.2461,77.2206,77.7726,77.7967,78.2332,78.2386,78.4083,78.3868,78.6919,78.8959,78.9605,79.5294,79.9648,80.1699,80.4411,80.5033,80.678,80.8669,81.0401,81.243,81.4437,81.6666,82.0859,82.2718,82.4147,82.624,82.7605,82.9552,83.1951,83.2339
NPL,Nepal,Medium,SA,143,54.8333,55.7116,56.7101,57.6189,58.5535,59.3175,59.981,60.7706,61.5493,62.1132,62.6145,63.3362,63.2638,64.1966,64.8177,65.4566,65.8685,66.3288,66.4207,66.7609,66.8138,67.313,67.47,67.9651,68.0855,67.4562,68.7758,68.9099,68.9786,69.5576,69.2456,68.4495
NRU,Nauru,,EAP,,61.3557,61.3031,61.2233,61.3376,61.4626,61.3214,60.5041,59.644,59.2238,58.8032,58.7323,58.2777,58.1807,58.0951,58.072,58.1613,58.3785,58.5303,58.833,59.1233,59.6402,60.2398,60.7152,61.2314,61.8074,62.269,62.7018,62.988,63.2337,63.4845,63.4367,63.617
NZL,New Zealand,Very High,,13,75.4242,76.0788,76.1899,76.4999,76.9197,76.7886,76.8094,77.3484,78.1725,77.9177,78.6782,78.6736,78.8773,79.1548,79.3715,80.0572,80.0489,80.1631,80.2908,80.5938,81.1019,80.8863,81.2089,81.6518,81.7921,81.9765,82.07,82.2189,82.3803,82.5665,82.7419,82.4513
OMN,Oman,Very High,AS,54,69.782,70.189,70.6556,71.1648,71.3845,71.9901,72.1909,72.4145,72.9702,73.184,73.4658,73.8075,73.8687,74.14,74.3285,74.3962,74.4802,74.461,74.6115,74.6814,76.2695,76.6075,77.0607,77.2465,77.4462,77.6869,77.9158,77.9243,77.9659,78.0022,74.7571,72.5406
PAK,Pakistan,Low,SA,161,60.0656,60.2594,60.1158,59.9342,60.1159,59.8784,60.3982,60.6034,61.0898,61.679,62.1018,62.4214,62.6264,62.843,63.0522,62.4657,63.7312,63.8517,64.036,64.14,64.4361,64.6482,64.7823,65.1495,65.2842,65.6971,65.8797,66.2972,66.482,66.7558,66.2695,66.0979
PAN,Panama,Very High,LAC,61,71.0972,71.2068,71.4617,71.8,72.0955,72.3847,72.6753,72.9702,73.2792,73.6216,74.0015,74.4144,74.8238,75.2175,75.5444,75.8285,76.0123,76.154,76.2247,76.3429,76.4479,76.6269,76.8185,77.0378,77.2478,77.4684,77.6529,77.7954,77.8629,77.8103,76.657,76.2233
PER,Peru,High,LAC,84,65.1059,65.4342,66.1489,66.6814,67.2268,67.6445,68.1474,68.6052,69.082,69.7427,70.424,71.0409,71.6608,72.2166,72.668,72.9858,73.1721,73.2227,73.3772,73.4661,73.7106,74.1327,74.544,74.9668,75.3334,75.6206,75.789,75.879,76.0089,76.1559,73.6655,72.3769
PHL,Philippines,Medium,EAP,116,65.9093,66.304,67.0877,67.5417,67.9422,68.2231,68.6139,68.8841,69.0996,69.2977,69.4134,69.6136,69.781,69.9242,70.0367,70.2402,70.2817,70.4832,70.5638,70.6334,70.7542,70.7881,70.8813,70.8349,71.151,71.2684,71.3871,71.5156,71.689,71.8649,72.1191,69.2664
PLW,Palau,High,EAP,80,61.5816,61.8904,62.236,62.5928,62.9177,63.2213,63.5659,63.9808,64.5538,65.169,65.8914,66.5528,66.9603,67.2275,67.1912,66.9917,66.7302,66.4874,66.207,65.9182,65.5975,65.1546,64.7077,64.227,63.8575,63.7461,63.8521,64.0828,64.3886,64.8043,65.3491,66.0204
PNG,Papua New Guinea,Medium,EAP,156,59.7212,59.9078,60.2184,60.5059,60.7564,61.0491,61.1049,61.3771,60.6294,61.6723,61.7199,61.7728,61.6978,61.7973,61.7611,61.8008,61.9172,62.0338,62.5708,62.7882,63.0395,63.5259,63.7325,63.9611,64.2589,64.7006,64.8399,65.1028,65.1822,65.4738,65.7868,65.3506
POL,Poland,Very High,,34,70.678,70.3777,70.9072,71.4197,71.7101,71.9193,72.2472,72.5951,72.9517,72.9946,73.7335,74.2193,74.5826,74.7384,74.972,75.0936,75.2835,75.3386,75.5842,75.7811,76.3175,76.6506,76.7138,76.9705,77.5691,77.4151,77.8025,77.7205,77.6282,77.9272,76.9424,76.4572
PRK,Korea (Democratic People's Rep. of),,EAP,,70.21,70.3125,70.8239,71.8705,70.7181,60.8944,60.9557,60.9735,60.906,60.7984,60.7631,60.7449,60.7917,69.5458,69.4367,69.2853,69.0855,68.9109,68.9578,69.7317,70.4187,70.9778,71.6261,72.3189,72.9423,72.7844,72.8045,72.9778,73.0309,73.1985,73.2741,73.2845
PRT,Portugal,Very High,,38,74.304,74.2401,74.8701,74.7614,75.73,75.5501,75.4763,75.9227,76.1164,76.3221,76.8304,77.1508,77.3676,77.5784,78.4199,78.3053,79.0713,79.281,79.5613,79.7706,80.035,80.4971,80.4784,80.8172,81.2157,81.2093,81.2324,81.498,81.3947,81.7007,81.0545,81.0443
PRY,Paraguay,High,LAC,105,67.9441,68.1729,68.3952,68.6334,68.8237,69.0092,69.2017,69.3249,69.4779,69.6342,69.7502,69.8997,70.025,70.297,70.4809,70.5269,70.7809,71.1061,71.3838,71.6345,71.8872,72.1314,72.4536,72.7568,72.8777,73.1905,73.5336,73.6436,73.5676,73.6207,73.1816,70.2617
PSE,"Palestine, State of",High,AS,106,67.9337,68.3056,68.5922,68.8526,69.4135,69.6619,70.0548,70.396,70.6323,70.8548,70.3885,69.8871,70.9694,71.0533,71.1823,72.0673,71.915,72.1525,72.4131,72.6076,73.0045,73.2429,73.4665,74.0292,72.6221,74.4057,74.5544,74.8329,74.793,75.2406,74.4035,73.4727
QAT,Qatar,Very High,AS,42,73.9817,73.966,74.1222,74.2434,74.3478,74.2499,74.6847,74.7873,74.8092,74.8,74.8279,75.2634,75.4118,75.565,75.9606,76.0637,76.5703,77.0155,77.4272,77.8776,78.4251,78.8911,79.2265,79.5364,79.7677,80.0639,80.4335,80.7171,80.8982,80.9897,79.0987,79.2716
ROU,Romania,Very High,,53,69.729,69.8842,69.4055,69.5784,69.5789,69.5602,68.9817,69.4482,70.125,70.6008,71.2823,71.2944,70.7048,69.8004,69.5031,70.6095,71.4718,72.5458,73.6078,74.029,73.9959,74.4314,74.3908,74.9756,74.9279,74.7901,75.2458,75.9519,76.1546,76.5079,75.3456,74.1847
RUS,Russian Federation,Very High,,52,68.5354,68.4246,67.56,65.019,63.9354,64.101,65.4217,66.3645,66.7722,65.6306,65.2711,65.4166,65.1401,65.264,65.904,66.0746,67.2791,68.1535,68.4943,69.2116,69.386,70.3981,70.7695,71.3025,71.5664,72.1006,72.6609,73.3743,73.5306,73.9332,71.3423,69.419
RWA,Rwanda,Low,SSA,165,48.4312,46.519,44.3189,42.1658,14.0985,39.9692,40.6979,40.6402,41.6813,44.6162,47.1292,49.0206,51.0322,53.3678,55.4912,57.316,58.7137,59.9653,61.1342,61.9578,62.5397,63.2615,64.0094,64.4257,64.9401,65.2977,65.7373,65.9409,66.2505,66.437,66.7741,66.0722
SAU,Saudi Arabia,Very High,AS,35,68.9485,69.3658,69.9254,70.3033,70.705,71.0109,71.2731,71.4826,71.8787,72.1359,72.4667,72.9744,73.3366,73.6284,74.1526,74.5883,74.8096,75.0458,75.2744,75.4313,75.7629,76.234,76.4611,76.6257,76.7573,76.9185,77.0643,77.1605,77.2115,77.3036,76.2392,76.936
SDN,Sudan,Low,AS,172,49.7321,50.2129,45.8909,46.5752,56.6437,51.991,52.2756,52.8331,48.8104,57.0148,58.3185,58.5615,58.9763,58.1999,56.7726,57.2786,60.2806,61.2564,61.2055,62.6439,63.0161,63.2463,63.7922,63.6779,64.2691,64.6587,64.7801,65.4447,65.681,65.8755,65.6136,65.2667
SEN,Senegal,Low,SSA,170,56.9484,57.1389,57.1124,56.9961,56.9545,56.8385,56.6719,56.591,56.4179,56.609,56.9434,57.5639,58.231,59.1219,60.0266,60.9152,61.7502,62.5429,63.2421,63.9231,64.6154,65.262,65.4567,66.0719,66.4519,66.8794,67.4969,67.7503,68.0966,68.5258,68.0064,67.0926
SGP,Singapore,Very High,EAP,12,74.9444,75.3289,75.6009,75.8015,75.8847,75.9757,76.5357,77.2281,77.9875,78.4701,79.0691,79.1863,79.3025,79.3985,79.7654,80.3541,80.71,80.9576,81.1698,81.4555,81.691,81.9745,82.2434,82.5157,82.6524,82.8265,83.0001,83.2236,83.4576,83.7584,82.861,82.7545
SLB,Solomon Islands,Medium,EAP,155,65.3917,65.5793,65.7671,65.958,66.1876,66.3807,66.5898,66.7416,66.9204,67.0685,67.2249,67.3635,67.5148,67.6443,67.8009,67.9363,68.0899,67.9856,68.4039,68.4656,68.7318,68.908,69.0839,69.188,69.2337,69.5834,69.8007,69.9882,70.1733,70.3821,70.1987,70.3477
SLE,Sierra Leone,Low,SSA,181,44.0568,43.5063,43.6214,43.5936,42.9245,42.7157,43.6799,43.7149,42.7892,42.0712,45.0503,45.6607,46.3586,46.9628,47.5771,48.2373,49.323,50.3654,51.5259,52.6256,53.6932,54.6198,55.451,56.3132,56.3933,57.189,58.4045,58.6517,59.7959,60.2549,59.7632,60.0624
SLV,El Salvador,Medium,LAC,125,62.5504,63.8556,64.6574,65.2351,65.8384,66.3297,67.0758,67.8953,68.4785,69.3793,69.8647,69.5982,70.2324,70.1401,70.3402,70.4403,70.7732,71.1081,71.4236,71.5756,71.8478,71.8589,71.8313,71.7711,71.7464,71.8143,72.0248,72.3108,72.5546,72.5586,71.0609,70.7479
SMR,San Marino,Very High,,44,78.6696,78.8539,78.8439,78.9294,79.2137,79.606,79.2439,79.6085,80.0336,80.2569,79.9486,80.4193,80.7656,80.7311,80.7028,81.2182,81.5574,81.853,82.2058,82.4928,82.6838,82.7619,82.575,82.3913,82.8949,82.927,82.9726,82.9161,82.9479,82.9863,79.5886,80.8786
SOM,Somalia,,AS,,47.1055,26.5647,27.3116,50.6485,50.3266,50.6005,50.4469,50.1947,50.6602,50.5245,50.6604,50.7403,50.7309,50.6139,50.5377,50.6606,50.5974,50.5147,51.1198,51.8533,50.563,51.3045,53.1611,53.8433,54.2773,54.857,55.0444,55.6536,56.3754,57.0776,55.9666,55.2803
SRB,Serbia,Very High,ECA,63,70.3146,70.7056,70.8839,71.0479,71.329,71.7694,71.5536,71.649,71.2427,69.7577,71.4392,72.3072,72.2585,72.4425,72.6165,72.7092,73.3551,73.6228,73.9388,74.0376,74.3753,74.7717,75.1062,75.605,75.7234,75.8172,76.2609,76.213,76.5115,76.704,75.4057,74.1923
SSD,South Sudan,Low,SSA,191,29.9353,30.1479,22.7245,22.7041,44.3836,30.9483,31.2966,32.2424,18.3852,43.2228,46.0277,46.8807,47.4915,50.2529,50.9167,51.5455,52.0162,52.8565,53.5375,53.8912,54.8118,54.9396,55.8651,55.7509,54.9727,55.5665,55.5437,55.3094,55.9495,55.912,55.4801,54.9752
STP,Sao Tome and Principe,Medium,SSA,138,61.471,61.4289,61.2837,61.138,61.069,61.0556,61.0971,61.181,61.1868,61.3934,61.6554,62.0316,62.6003,63.166,63.7311,63.7089,64.3982,64.7239,65.0786,65.1157,65.2486,64.9017,65.7457,66.3275,66.8452,67.2491,67.4917,68.2666,68.3549,68.5231,67.7848,67.5912
SUR,Suriname,High,LAC,99,64.2298,64.4532,64.6503,64.9799,65.272,65.3371,65.6683,65.697,65.594,65.4434,65.5077,65.4821,65.5313,65.5963,66.4163,67.0025,67.5713,68.204,68.8162,69.5048,69.8945,69.9141,69.7644,69.6816,69.7824,70.8003,71.5924,72.417,72.5532,72.2423,72.5615,70.2743
SVK,Slovakia,Very High,,45,70.8202,70.9224,71.3665,71.8817,72.3307,72.255,72.7398,72.6902,72.5742,72.9641,73.1407,73.5726,73.7669,73.82,74.2186,74.1572,74.4167,74.4951,74.8642,75.217,75.495,76.0166,76.1746,76.5121,76.847,76.6493,77.2146,77.219,77.264,77.6851,77.0054,74.9101
SVN,Slovenia,Very High,,23,73.5151,73.2782,73.5449,73.4681,74.0725,74.5783,75.0773,75.1779,75.341,75.7203,76.1957,76.5433,76.7904,76.6721,77.4848,77.7151,78.4191,78.5936,79.1346,79.2704,79.7039,79.9905,80.1284,80.336,80.9406,80.8218,81.1577,81.0714,81.3581,81.6042,80.4409,80.6904
SWE,Sweden,Very High,,7,77.5883,77.7281,78.0709,78.1352,78.7465,78.8214,79.0435,79.2711,79.4155,79.5079,79.7382,79.8359,79.9347,80.195,80.5462,80.621,80.8317,80.9697,81.1371,81.3631,81.5187,81.7581,81.7296,81.9348,82.2233,82.1834,82.3391,82.4382,82.5326,83.0524,82.4274,82.9833
SWZ,Eswatini (Kingdom of),Medium,SSA,144,63.0719,62.6853,61.7346,60.233,58.2678,56.1477,53.8727,52.0436,50.3326,48.7331,47.2561,45.9751,44.4856,43.3485,42.5381,42.1254,43.1196,43.6411,44.1749,44.6394,46.6191,48.1946,49.8352,51.4863,53.0497,55.0192,56.6591,57.8951,59.4114,60.5492,59.6922,57.0657
SYC,Seychelles,High,SSA,72,69.0142,68.9347,69.0824,69.0419,68.976,68.5282,68.9309,68.9981,69.8642,69.5445,69.7218,69.9853,70.3955,70.9818,71.1618,71.5618,71.8336,72.1124,72.3969,72.6881,72.9703,73.7537,73.6428,73.7807,73.7495,73.6979,73.6425,73.8027,73.9529,74.169,73.5324,71.2945
SYR,Syrian Arab Republic,Medium,AS,150,69.8172,70.0357,70.2625,70.1929,70.1414,70.4163,70.3465,70.2826,70.1958,70.425,70.7639,71.6439,71.9394,72.4137,72.4747,72.7685,73.3495,73.7088,73.5508,73.8527,73.8808,73.3053,66.7687,63.8265,63.1529,65.1239,65.9933,68.4811,70.145,71.8224,72.1399,72.0627
TCD,Chad,Low,SSA,190,44.6856,45.9412,46.1019,46.3178,46.4492,46.7106,47.013,47.2168,47.2243,47.3724,47.443,47.8496,47.9462,48.2063,48.2317,48.3122,48.2863,48.751,49.0239,49.1963,49.5843,50.009,50.5401,50.7806,51.202,51.5888,52.0834,52.3076,52.8253,53.2594,52.7774,52.5254
TGO,Togo,Low,SSA,162,54.3697,54.2682,54.2992,54.1953,54.0366,54.0366,54.0981,54.1922,54.1994,54.5381,54.742,54.8597,55.3112,55.6392,55.5695,55.9618,56.2219,56.5106,56.6948,57.0106,57.3042,57.9246,58.073,58.6841,58.8534,59.3958,59.5501,60.1544,60.244,60.9011,61.035,61.6194
THA,Thailand,Very High,EAP,66,70.4449,70.7168,70.8853,71.0678,71.2265,70.9475,71.6525,72.5005,72.8623,72.5419,72.3156,72.6127,72.9296,73.1546,73.0797,73.8202,74.9381,75.1872,75.4916,75.8416,76.1313,76.4212,76.7721,77.0827,77.4153,77.7166,78.0489,78.3939,78.6622,78.9751,79.2739,78.7154
TJK,Tajikistan,Medium,ECA,122,61.879,61.3789,55.0738,52.8669,57.4796,59.3379,59.1285,60.3482,61.5186,62.6206,63.2596,64.0569,64.8464,65.5521,66.0284,66.5143,67.0127,67.2169,67.6884,68.0386,67.742,68.1485,68.4841,68.8848,69.0693,69.3059,69.5493,69.9047,70.3532,70.8674,67.9942,71.5942
TKM,Turkmenistan,High,ECA,91,63.939,64.0346,63.8752,63.8037,63.7559,63.684,63.5957,63.6456,64.1056,64.5177,65.0258,65.1555,65.3846,65.7459,66.0747,66.0683,66.4989,66.8948,67.407,67.9583,68.2933,68.567,68.7225,68.7401,68.6135,68.7816,68.7774,68.9158,68.7963,69.0016,68.687,69.2644
TLS,Timor-Leste,Medium,EAP,140,44.9535,44.9849,46.2758,47.2535,48.2516,48.0238,48.816,49.5172,49.1235,45.7011,58.5676,59.3619,60.1483,60.8707,61.6281,62.3283,63.0731,63.7229,64.329,64.8539,65.3036,65.6965,66.0812,66.4396,66.7865,67.1373,67.4461,67.7454,68.0167,68.2684,68.4755,67.7369
TON,Tonga,High,EAP,91,67.2943,67.5176,67.6864,67.8548,68.0145,68.1699,68.3229,68.4904,68.6423,68.8086,68.978,69.127,69.3348,69.4946,69.6704,69.7682,69.8939,70.0478,70.164,70.0121,70.3234,70.3809,70.442,70.505,70.5405,70.607,70.661,70.7133,70.7787,70.8715,70.9276,70.9857
TTO,Trinidad and Tobago,Very High,LAC,57,68.272,68.8595,68.3914,68.8113,68.5109,69.17,69.0086,68.719,69.1599,68.3771,69.1022,69.6462,70.4878,69.729,71.0756,71.3077,71.256,71.6523,71.4697,73.126,72.7254,73.2779,73.7159,73.9623,74.2152,74.5032,74.281,74.2301,73.8018,74.2279,74.4056,72.9709
TUN,Tunisia,High,AS,97,70.1103,70.5211,70.7015,71.2347,71.6145,71.9876,72.3796,72.8634,73.1687,73.5081,73.6901,73.8156,74.0595,74.3054,74.4902,74.7642,74.9215,75.072,75.1846,75.2667,75.4206,75.4595,75.5498,75.6502,75.6497,75.6919,75.7861,75.8448,75.9501,75.9933,75.2923,73.7719
TUR,TÃ¼rkiye,Very High,ECA,48,67.7092,68.1689,68.4861,68.911,69.2949,69.6094,70.1414,70.5699,71.0388,70.6947,71.8613,72.2305,72.5785,72.8899,73.24,73.5341,73.8448,74.1927,74.4501,74.7653,75.0693,74.9406,75.678,76.2968,76.5648,76.646,76.6605,77.1408,77.5631,77.8318,75.85,76.0324
TUV,Tuvalu,Medium,EAP,130,61.6615,61.9086,60.4911,62.654,62.9243,63.098,63.2102,63.3559,63.4182,63.427,63.4988,63.5427,63.5803,63.6311,63.6933,63.8359,63.9278,63.9315,63.9483,63.9485,63.9781,63.9735,63.9636,64.0076,64.0252,64.0598,64.1075,64.1478,64.2117,64.2775,64.382,64.5466
TZA,Tanzania (United Republic of),Low,SSA,160,51.4849,51.3058,50.9888,50.8698,50.797,50.7858,50.7443,50.6243,50.914,51.7476,52.3623,53.161,53.8634,54.8949,55.5963,56.2991,56.9111,57.52,58.0861,58.8937,60.1048,61.0492,62.0303,62.9603,63.8733,64.6507,65.3862,65.9987,66.5346,66.9885,66.4077,66.2007
UGA,Uganda,Low,SSA,166,46.4426,46.3156,46.3684,46.2367,46.3526,46.5674,46.6701,46.9767,47.1747,47.7857,48.3415,49.0061,49.6476,50.3682,51.5469,52.9756,54.3688,55.2365,55.823,56.4881,57.0547,57.9651,58.8166,59.7628,60.4081,61.0856,61.6479,62.115,62.7139,62.9913,62.8513,62.7048
UKR,Ukraine,High,ECA,77,69.8024,69.073,68.6289,67.8725,67.4426,66.8275,67.1484,67.6315,68.3991,68.1197,67.8555,68.1814,68.1732,68.2087,68.4016,68.1506,68.7406,68.7657,69.1168,70.2472,70.6207,71.3872,71.6273,71.8617,72.5905,73.4581,74.3121,74.7181,74.4122,74.5364,72.5726,71.624
URY,Uruguay,Very High,LAC,58,73.1617,73.3051,73.4412,73.579,73.7276,73.896,74.0876,74.298,74.5267,74.7695,75.0247,75.2851,75.5399,75.7851,76.0069,76.1935,76.3615,76.4981,76.623,76.7384,76.858,76.9833,77.111,77.24,77.3663,77.4827,77.5707,77.6247,77.611,77.5085,78.4298,75.4356
USA,United States,Very High,,21,75.3699,75.5227,75.7776,75.567,75.7377,75.8536,76.1753,76.498,76.66,76.6718,76.8114,76.9285,77.0005,77.1536,77.5581,77.5573,77.8386,78.1004,78.1958,78.564,78.7724,78.82,78.9441,78.9507,79.0175,78.8694,78.8482,78.8213,78.9896,79.138,77.4144,77.1982
UZB,Uzbekistan,High,ECA,101,65.3456,65.1307,65.1091,64.8289,64.6854,64.6463,64.7118,64.7636,65.035,65.3835,65.7235,66.087,66.6037,67.0397,67.4012,67.4901,67.891,68.2918,68.7646,68.8705,69.2354,69.6487,69.8742,69.9895,70.2343,70.4753,70.7548,71.0095,71.1494,71.3441,70.3309,70.8616
VCT,Saint Vincent and the Grenadines,High,LAC,89,72.3797,72.9368,72.6238,72.4582,71.9225,72.0974,71.2662,70.9224,71.097,71.3002,71.3772,71.9378,72.1682,72.3523,73.035,73.5161,74.0166,74.7028,75.0526,75.0826,74.7184,74.5958,74.1463,73.7976,74.473,74.4071,74.2799,74.3052,74.1279,72.8347,72.1256,69.6291
VEN,Venezuela (Bolivarian Republic of),Medium,LAC,120,71.5319,71.8318,71.806,71.9253,71.8529,72.1429,72.1108,72.7029,72.6681,72.2539,72.4775,71.2015,72.6618,71.9402,72.514,72.7825,72.7418,73.0583,72.436,72.5788,72.8901,72.913,73.0364,73.1962,72.8533,73.0064,72.0578,71.943,71.9788,72.1614,71.0949,70.5536
VNM,Viet Nam,High,EAP,115,69.2127,69.849,69.9579,70.6212,70.7587,71.3837,71.5098,71.8017,72.1068,72.3169,72.462,72.6472,72.8009,72.9803,73.135,73.2714,73.3194,73.4361,73.411,73.4982,73.5126,73.6921,73.7044,73.7755,73.8545,73.8763,73.9382,73.9632,73.9757,74.0929,75.3779,73.6181
VUT,Vanuatu,Medium,EAP,140,66.6747,67.2031,67.3535,67.5281,67.7387,67.8853,68.6298,68.7082,68.763,68.2374,68.9657,69.0375,69.196,69.2761,69.3133,69.3898,69.462,69.5445,69.6019,69.6526,69.6171,69.5508,69.4972,69.5342,69.4645,69.5129,69.6496,69.7095,69.7948,69.8769,70.2995,70.449
WSM,Samoa,High,EAP,111,67.6584,67.8814,68.3855,68.7009,68.9795,69.2984,69.5877,69.8746,70.1711,70.4564,70.7458,71.0186,71.2761,71.4959,71.6959,71.7545,72.021,72.0997,72.1546,70.0663,72.2488,72.2598,72.1668,72.3915,72.4628,72.5146,72.5397,72.59,72.6358,72.1572,72.7677,72.7675
YEM,Yemen,Low,AS,183,58.6994,59.049,59.4283,59.8595,59.7135,60.4532,60.5678,61.1193,61.3748,61.9752,62.588,63.2222,63.9062,64.5411,65.0059,65.543,65.9877,66.5653,66.9629,67.1964,67.28,67.4194,67.3429,67.5451,67.3842,65.8734,66.0641,65.9573,64.5751,65.0917,64.6501,63.7534
ZAF,South Africa,High,SSA,109,63.3753,63.2649,63.3414,63.0447,62.6118,62.2616,61.4593,60.8053,60.0008,59.2408,58.4704,57.2614,55.6662,54.3308,54.043,53.9797,54.2775,54.9922,56.0222,57.4474,58.8987,60.6507,61.8457,62.5331,63.3796,63.9499,64.7469,65.402,65.6743,66.175,65.2522,62.341
ZMB,Zambia,Medium,SSA,154,47.9263,47.0971,46.5119,46.2094,45.8543,45.5534,45.2326,44.9446,44.7011,44.6589,45.2312,46.0188,46.9791,48.284,49.4873,50.6591,51.7955,52.7389,53.9449,55.3004,56.7991,57.7708,58.8672,59.8777,60.699,61.2078,61.7937,62.1201,62.3422,62.7926,62.3803,61.2234
ZWE,Zimbabwe,Medium,SSA,146,59.4264,58.0911,56.4354,54.4264,52.5878,50.531,48.9551,47.9933,46.8192,45.2056,44.6864,41.9572,44.5654,43.3926,44.5023,44.7677,45.3635,45.6102,46.7232,48.0625,50.6523,53.347,55.6263,57.4577,58.846,59.5911,60.3059,60.7095,61.4141,61.2925,61.1242,59.2531
,Very high human development,,,,73.77665194,73.9318962,74.05884774,73.85263967,74.00715775,74.10300739,74.54155349,74.94542755,75.18793929,75.1510303,75.45605263,75.73067951,75.85943701,75.97951609,76.43205636,76.59899481,77.06334304,77.32208668,77.55553483,77.89509156,78.10701114,78.36532137,78.57875396,78.82219645,79.05761556,79.06243538,79.26493315,79.42884254,79.58276773,79.82266157,78.7897451,78.52130091
,High human development,,,,67.31570143,67.56755221,67.96625976,68.35808104,68.636211,69.02288859,69.28137165,69.63584255,70.03332106,70.28255197,70.60094626,71.11094554,71.41093009,71.66767185,71.79952113,72.30103342,72.618424,72.86684262,73.00575093,73.36495987,73.64595698,73.94087474,74.21223844,74.4637763,74.73224636,74.94407124,75.15267742,75.26152996,75.60060551,75.78582636,75.12054814,74.70909353
,Medium human development,,,,58.75775408,58.99155806,59.59254768,59.88046745,60.25025086,60.6230364,60.92087002,61.37603479,61.83812316,62.36942893,62.70775113,63.04996363,63.5454197,63.94045632,64.33789976,64.75788084,65.10319025,65.41605553,65.62259293,66.18495912,66.63555675,67.04746821,67.46086044,67.8932907,68.41150317,68.89596676,69.31499675,69.69426314,69.99817784,70.21945846,69.51758048,67.4383177
,Low human development,,,,50.35140865,50.60837323,50.46729621,50.60685039,51.070213,51.25349358,51.47984314,51.84887312,51.7958886,52.79189749,53.58421929,54.06423148,54.48452467,55.02245107,55.44605251,55.8244522,56.70829383,57.21259479,57.65508991,58.19894489,58.504333,59.18099387,59.56956573,60.01000142,60.32677112,60.6570805,61.06484347,61.42406101,61.72118054,62.0834259,61.67568989,61.31099104
,Arab States,,,,62.97332448,63.22576399,63.52007881,64.51288159,65.56230878,65.41425103,65.78780721,66.06303722,65.87357513,66.95197717,67.37535802,67.71081462,68.01787701,67.93949507,67.97383563,68.24301807,68.64890921,69.01038382,69.36931619,69.89683138,70.12488103,70.34549693,70.26122758,70.27425276,70.57012745,70.83609903,71.01994013,71.50874364,71.71189135,71.92219424,71.00210472,70.89504009
,East Asia and the Pacific,,,,67.16175806,67.38375357,67.9055119,68.37568844,68.64058024,68.93855231,69.1931325,69.58217702,70.00136982,70.21393514,70.58516488,71.17245978,71.5185241,71.96633714,72.04497418,72.57455975,72.9265894,73.1714711,73.12300445,73.67655642,73.90576458,74.17836919,74.427861,74.67741183,74.93610896,75.15631676,75.35517661,75.41924606,75.8354258,76.03610958,75.96833007,75.57965006
,Europe and Central Asia,,,,67.78196186,67.60933579,66.89609483,66.7182798,67.13673436,67.20057168,67.49656154,67.81707086,68.27580119,68.20536971,68.71868487,69.06491189,69.268587,69.5777154,69.89484037,70.00199203,70.44676286,70.73650192,71.0859166,71.5610961,71.87859568,72.16496436,72.60627374,72.99239646,73.35764936,73.68101479,73.98326167,74.3430047,74.50595855,74.70074075,72.78099154,72.85652591
,Latin America and the Caribbean,,,,67.77056781,68.12720882,68.45899787,68.78697405,69.16666387,69.47750769,69.85250415,70.2135386,70.46740182,70.87337385,71.18959235,71.44723067,71.7983019,71.98392431,72.3068681,72.68033838,72.89027821,73.03211316,73.2547943,73.46017079,73.35365722,73.8409577,74.06765568,74.3169453,74.52173227,74.57989522,74.54423987,74.70557245,74.82347799,75.01490513,73.00831613,72.09988984
,South Asia,,,,58.83049363,59.10222073,59.72784667,60.05862243,60.44175395,60.79189252,61.15325371,61.65939386,62.23387319,62.85800464,63.19576947,63.59942807,64.0653133,64.44530858,64.83802489,65.21739282,65.67228797,65.94328043,66.25072108,66.53467615,67.02508028,67.42581238,67.91594047,68.39543881,68.90584907,69.40738174,69.87472162,70.24546732,70.51701821,70.72231476,69.97290751,67.85553035
,Sub-Saharan Africa,,,,49.8687035,49.98905968,49.90044495,49.81707521,49.72242743,50.03085276,49.9518547,50.10840479,49.96563558,50.38001595,50.98170167,51.25820299,51.61735341,52.15673259,52.72311518,53.34863632,54.02078217,54.65308378,55.2815017,56.02384959,56.6905678,57.42177573,57.98739365,58.53921341,59.01008008,59.42877527,59.95459495,60.34883682,60.73544028,61.12003069,60.72905055,60.11246665
,World,,,,65.14479761,65.29908166,65.58401504,65.75361632,65.98664198,66.18693297,66.44465096,66.78741991,67.06454875,67.34967987,67.67219577,68.02677314,68.30208123,68.58022177,68.84589069,69.18622531,69.56863029,69.82754769,70.0064941,70.4040944,70.67870152,71.00932404,71.289119,71.58126523,71.88620241,72.11179308,72.37089527,72.56895153,72.81611356,73.01209944,72.25729652,71.36546488
